MSAName,date,fraction_cases_t12,fraction_deaths_t12,days,CountyFips,CountyName
"Abilene, TX",09apr2020,.67407405,.5,80,48059,"Callahan, TX"
"Abilene, TX",09apr2020,.67407405,.5,80,48253,"Jones, TX"
"Abilene, TX",09apr2020,.67407405,.5,80,48441,"Taylor, TX"
"Akron, OH",09apr2020,.54607511,.58536583,80,39133,"Portage, OH"
"Akron, OH",09apr2020,.54607511,.58536583,80,39153,"Summit, OH"
"Albany, GA",09apr2020,.34129214,.59375,80,13007,"Baker, GA"
"Albany, GA",09apr2020,.34129214,.59375,80,13095,"Dougherty, GA"
"Albany, GA",09apr2020,.34129214,.59375,80,13177,"Lee, GA"
"Albany, GA",09apr2020,.34129214,.59375,80,13273,"Terrell, GA"
"Albany, GA",09apr2020,.34129214,.59375,80,13321,"Worth, GA"
"Albany, OR",09apr2020,.58823532,.5,80,41043,"Linn, OR"
"Albany-Schenectady-Troy, NY",09apr2020,.45592287,.36170211,80,36001,"Albany, NY"
"Albany-Schenectady-Troy, NY",09apr2020,.45592287,.36170211,80,36083,"Rensselaer, NY"
"Albany-Schenectady-Troy, NY",09apr2020,.45592287,.36170211,80,36091,"Saratoga, NY"
"Albany-Schenectady-Troy, NY",09apr2020,.45592287,.36170211,80,36093,"Schenectady, NY"
"Albany-Schenectady-Troy, NY",09apr2020,.45592287,.36170211,80,36095,"Schoharie, NY"
"Albuquerque, NM",09apr2020,.42885375,.63636363,80,35001,"Bernalillo, NM"
"Albuquerque, NM",09apr2020,.42885375,.63636363,80,35043,"Sandoval, NM"
"Albuquerque, NM",09apr2020,.42885375,.63636363,80,35057,"Torrance, NM"
"Albuquerque, NM",09apr2020,.42885375,.63636363,80,35061,"Valencia, NM"
"Alexandria, LA",09apr2020,.45238096,0,80,22043,"Grant, LA"
"Alexandria, LA",09apr2020,.45238096,0,80,22079,"Rapides, LA"
"Allentown-Bethlehem-Easton, PA-NJ",09apr2020,.46537274,.60330576,80,34041,"Warren, NJ"
"Allentown-Bethlehem-Easton, PA-NJ",09apr2020,.46537274,.60330576,80,42025,"Carbon, PA"
"Allentown-Bethlehem-Easton, PA-NJ",09apr2020,.46537274,.60330576,80,42077,"Lehigh, PA"
"Allentown-Bethlehem-Easton, PA-NJ",09apr2020,.46537274,.60330576,80,42095,"Northampton, PA"
"Altoona, PA",09apr2020,.25,,80,42013,"Blair, PA"
"Amarillo, TX",09apr2020,.72950822,.80000001,80,48011,"Armstrong, TX"
"Amarillo, TX",09apr2020,.72950822,.80000001,80,48065,"Carson, TX"
"Amarillo, TX",09apr2020,.72950822,.80000001,80,48359,"Oldham, TX"
"Amarillo, TX",09apr2020,.72950822,.80000001,80,48375,"Potter, TX"
"Amarillo, TX",09apr2020,.72950822,.80000001,80,48381,"Randall, TX"
"Ames, IA",09apr2020,.66666669,,80,19169,"Story, IA"
"Anchorage, AK",09apr2020,.33333334,,80,02020,"Anchorage Municipality, AK"
"Anchorage, AK",09apr2020,.33333334,,80,02170,"Matanuska-Susitna Borough, AK"
"Ann Arbor, MI",09apr2020,.37748346,.5925926,80,26161,"Washtenaw, MI"
"Anniston-Oxford-Jacksonville, AL",09apr2020,.69696969,,80,01015,"Calhoun, AL"
"Appleton, WI",09apr2020,.5,,80,55015,"Calumet, WI"
"Appleton, WI",09apr2020,.5,,80,55087,"Outagamie, WI"
"Asheville, NC",09apr2020,.45744681,.69230771,80,37021,"Buncombe, NC"
"Asheville, NC",09apr2020,.45744681,.69230771,80,37087,"Haywood, NC"
"Asheville, NC",09apr2020,.45744681,.69230771,80,37089,"Henderson, NC"
"Asheville, NC",09apr2020,.45744681,.69230771,80,37115,"Madison, NC"
"Athens-Clarke County, GA",09apr2020,.34020618,.60000002,80,13059,"Clarke, GA"
"Athens-Clarke County, GA",09apr2020,.34020618,.60000002,80,13195,"Madison, GA"
"Athens-Clarke County, GA",09apr2020,.34020618,.60000002,80,13219,"Oconee, GA"
"Athens-Clarke County, GA",09apr2020,.34020618,.60000002,80,13221,"Oglethorpe, GA"
"Atlanta-Sandy Springs-Roswell, GA",09apr2020,.45825931,.54854369,80,13013,"Barrow, GA"
"Atlanta-Sandy Springs-Roswell, GA",09apr2020,.45825931,.54854369,80,13015,"Bartow, GA"
"Atlanta-Sandy Springs-Roswell, GA",09apr2020,.45825931,.54854369,80,13035,"Butts, GA"
"Atlanta-Sandy Springs-Roswell, GA",09apr2020,.45825931,.54854369,80,13045,"Carroll, GA"
"Atlanta-Sandy Springs-Roswell, GA",09apr2020,.45825931,.54854369,80,13057,"Cherokee, GA"
"Atlanta-Sandy Springs-Roswell, GA",09apr2020,.45825931,.54854369,80,13063,"Clayton, GA"
"Atlanta-Sandy Springs-Roswell, GA",09apr2020,.45825931,.54854369,80,13067,"Cobb, GA"
"Atlanta-Sandy Springs-Roswell, GA",09apr2020,.45825931,.54854369,80,13077,"Coweta, GA"
"Atlanta-Sandy Springs-Roswell, GA",09apr2020,.45825931,.54854369,80,13085,"Dawson, GA"
"Atlanta-Sandy Springs-Roswell, GA",09apr2020,.45825931,.54854369,80,13089,"DeKalb, GA"
"Atlanta-Sandy Springs-Roswell, GA",09apr2020,.45825931,.54854369,80,13097,"Douglas, GA"
"Atlanta-Sandy Springs-Roswell, GA",09apr2020,.45825931,.54854369,80,13113,"Fayette, GA"
"Atlanta-Sandy Springs-Roswell, GA",09apr2020,.45825931,.54854369,80,13117,"Forsyth, GA"
"Atlanta-Sandy Springs-Roswell, GA",09apr2020,.45825931,.54854369,80,13121,"Fulton, GA"
"Atlanta-Sandy Springs-Roswell, GA",09apr2020,.45825931,.54854369,80,13135,"Gwinnett, GA"
"Atlanta-Sandy Springs-Roswell, GA",09apr2020,.45825931,.54854369,80,13143,"Haralson, GA"
"Atlanta-Sandy Springs-Roswell, GA",09apr2020,.45825931,.54854369,80,13149,"Heard, GA"
"Atlanta-Sandy Springs-Roswell, GA",09apr2020,.45825931,.54854369,80,13151,"Henry, GA"
"Atlanta-Sandy Springs-Roswell, GA",09apr2020,.45825931,.54854369,80,13159,"Jasper, GA"
"Atlanta-Sandy Springs-Roswell, GA",09apr2020,.45825931,.54854369,80,13171,"Lamar, GA"
"Atlanta-Sandy Springs-Roswell, GA",09apr2020,.45825931,.54854369,80,13199,"Meriwether, GA"
"Atlanta-Sandy Springs-Roswell, GA",09apr2020,.45825931,.54854369,80,13211,"Morgan, GA"
"Atlanta-Sandy Springs-Roswell, GA",09apr2020,.45825931,.54854369,80,13217,"Newton, GA"
"Atlanta-Sandy Springs-Roswell, GA",09apr2020,.45825931,.54854369,80,13223,"Paulding, GA"
"Atlanta-Sandy Springs-Roswell, GA",09apr2020,.45825931,.54854369,80,13227,"Pickens, GA"
"Atlanta-Sandy Springs-Roswell, GA",09apr2020,.45825931,.54854369,80,13231,"Pike, GA"
"Atlanta-Sandy Springs-Roswell, GA",09apr2020,.45825931,.54854369,80,13247,"Rockdale, GA"
"Atlanta-Sandy Springs-Roswell, GA",09apr2020,.45825931,.54854369,80,13255,"Spalding, GA"
"Atlanta-Sandy Springs-Roswell, GA",09apr2020,.45825931,.54854369,80,13297,"Walton, GA"
"Atlantic City-Hammonton, NJ",09apr2020,.54302669,.55000001,80,34001,"Atlantic, NJ"
"Auburn-Opelika, AL",09apr2020,.32624114,.5625,80,01081,"Lee, AL"
"Augusta-Richmond County, GA-SC",09apr2020,.58932716,.52173913,80,13033,"Burke, GA"
"Augusta-Richmond County, GA-SC",09apr2020,.58932716,.52173913,80,13073,"Columbia, GA"
"Augusta-Richmond County, GA-SC",09apr2020,.58932716,.52173913,80,13181,"Lincoln, GA"
"Augusta-Richmond County, GA-SC",09apr2020,.58932716,.52173913,80,13189,"McDuffie, GA"
"Augusta-Richmond County, GA-SC",09apr2020,.58932716,.52173913,80,13245,"Richmond, GA"
"Augusta-Richmond County, GA-SC",09apr2020,.58932716,.52173913,80,45003,"Aiken, SC"
"Augusta-Richmond County, GA-SC",09apr2020,.58932716,.52173913,80,45037,"Edgefield, SC"
"Austin-Round Rock, TX",09apr2020,.53764707,.66666669,80,48021,"Bastrop, TX"
"Austin-Round Rock, TX",09apr2020,.53764707,.66666669,80,48055,"Caldwell, TX"
"Austin-Round Rock, TX",09apr2020,.53764707,.66666669,80,48209,"Hays, TX"
"Austin-Round Rock, TX",09apr2020,.53764707,.66666669,80,48453,"Travis, TX"
"Austin-Round Rock, TX",09apr2020,.53764707,.66666669,80,48491,"Williamson, TX"
"Bakersfield, CA",09apr2020,.32596686,0,80,06029,"Kern, CA"
"Baltimore-Columbia-Towson, MD",09apr2020,.50027764,.5771144,80,24003,"Anne Arundel, MD"
"Baltimore-Columbia-Towson, MD",09apr2020,.50027764,.5771144,80,24005,"Baltimore, MD"
"Baltimore-Columbia-Towson, MD",09apr2020,.50027764,.5771144,80,24013,"Carroll, MD"
"Baltimore-Columbia-Towson, MD",09apr2020,.50027764,.5771144,80,24025,"Harford, MD"
"Baltimore-Columbia-Towson, MD",09apr2020,.50027764,.5771144,80,24027,"Howard, MD"
"Baltimore-Columbia-Towson, MD",09apr2020,.50027764,.5771144,80,24035,"Queen Anne's, MD"
"Baltimore-Columbia-Towson, MD",09apr2020,.50027764,.5771144,80,24510,"Baltimore city, MD"
"Bangor, ME",09apr2020,.6875,,80,23019,"Penobscot, ME"
"Barnstable Town, MA",09apr2020,.58039218,.5625,80,25001,"Barnstable, MA"
"Baton Rouge, LA",09apr2020,.44077358,.5,80,22005,"Ascension, LA"
"Baton Rouge, LA",09apr2020,.44077358,.5,80,22033,"East Baton Rouge, LA"
"Baton Rouge, LA",09apr2020,.44077358,.5,80,22037,"East Feliciana, LA"
"Baton Rouge, LA",09apr2020,.44077358,.5,80,22047,"Iberville, LA"
"Baton Rouge, LA",09apr2020,.44077358,.5,80,22063,"Livingston, LA"
"Baton Rouge, LA",09apr2020,.44077358,.5,80,22077,"Pointe Coupee, LA"
"Baton Rouge, LA",09apr2020,.44077358,.5,80,22091,"St. Helena, LA"
"Baton Rouge, LA",09apr2020,.44077358,.5,80,22121,"West Baton Rouge, LA"
"Baton Rouge, LA",09apr2020,.44077358,.5,80,22125,"West Feliciana, LA"
"Battle Creek, MI",09apr2020,.54700857,.5,80,26025,"Calhoun, MI"
"Bay City, MI",09apr2020,.53703701,,80,26017,"Bay, MI"
"Beaumont-Port Arthur, TX",09apr2020,.49769586,.69999999,80,48199,"Hardin, TX"
"Beaumont-Port Arthur, TX",09apr2020,.49769586,.69999999,80,48245,"Jefferson, TX"
"Beaumont-Port Arthur, TX",09apr2020,.49769586,.69999999,80,48351,"Newton, TX"
"Beaumont-Port Arthur, TX",09apr2020,.49769586,.69999999,80,48361,"Orange, TX"
"Beckley, WV",09apr2020,.66666669,,80,54019,"Fayette, WV"
"Beckley, WV",09apr2020,.66666669,,80,54081,"Raleigh, WV"
"Bellingham, WA",09apr2020,.26190478,.2857143,80,53073,"Whatcom, WA"
"Bend-Redmond, OR",09apr2020,.52380955,,80,41017,"Deschutes, OR"
"Billings, MT",09apr2020,.375,,80,30009,"Carbon, MT"
"Billings, MT",09apr2020,.375,,80,30037,"Golden Valley, MT"
"Billings, MT",09apr2020,.375,,80,30111,"Yellowstone, MT"
"Binghamton, NY",09apr2020,.50632912,1,80,36007,"Broome, NY"
"Binghamton, NY",09apr2020,.50632912,1,80,36107,"Tioga, NY"
"Birmingham-Hoover, AL",09apr2020,.42946059,.75,80,01007,"Bibb, AL"
"Birmingham-Hoover, AL",09apr2020,.42946059,.75,80,01009,"Blount, AL"
"Birmingham-Hoover, AL",09apr2020,.42946059,.75,80,01021,"Chilton, AL"
"Birmingham-Hoover, AL",09apr2020,.42946059,.75,80,01073,"Jefferson, AL"
"Birmingham-Hoover, AL",09apr2020,.42946059,.75,80,01115,"St. Clair, AL"
"Birmingham-Hoover, AL",09apr2020,.42946059,.75,80,01117,"Shelby, AL"
"Birmingham-Hoover, AL",09apr2020,.42946059,.75,80,01127,"Walker, AL"
"Bismarck, ND",09apr2020,.53571427,0,80,38015,"Burleigh, ND"
"Bismarck, ND",09apr2020,.53571427,0,80,38059,"Morton, ND"
"Bismarck, ND",09apr2020,.53571427,0,80,38065,"Oliver, ND"
"Bismarck, ND",09apr2020,.53571427,0,80,38085,"Sioux, ND"
"Blacksburg-Christiansburg-Radford, VA",09apr2020,.48888889,,80,51063,"Floyd, VA"
"Blacksburg-Christiansburg-Radford, VA",09apr2020,.48888889,,80,51071,"Giles, VA"
"Blacksburg-Christiansburg-Radford, VA",09apr2020,.48888889,,80,51121,"Montgomery, VA"
"Blacksburg-Christiansburg-Radford, VA",09apr2020,.48888889,,80,51155,"Pulaski, VA"
"Blacksburg-Christiansburg-Radford, VA",09apr2020,.48888889,,80,51750,"Radford city, VA"
"Bloomington, IL",09apr2020,.19047619,1,80,17039,"De Witt, IL"
"Bloomington, IL",09apr2020,.19047619,1,80,17113,"McLean, IL"
"Bloomington, IN",09apr2020,.41269842,,80,18105,"Monroe, IN"
"Bloomington, IN",09apr2020,.41269842,,80,18119,"Owen, IN"
"Bloomsburg-Berwick, PA",09apr2020,.54106277,.71428573,80,42037,"Columbia, PA"
"Bloomsburg-Berwick, PA",09apr2020,.54106277,.71428573,80,42093,"Montour, PA"
"Boise City, ID",09apr2020,.34982333,.5,80,16001,"Ada, ID"
"Boise City, ID",09apr2020,.34982333,.5,80,16015,"Boise, ID"
"Boise City, ID",09apr2020,.34982333,.5,80,16027,"Canyon, ID"
"Boise City, ID",09apr2020,.34982333,.5,80,16045,"Gem, ID"
"Boise City, ID",09apr2020,.34982333,.5,80,16073,"Owyhee, ID"
"Boston-Cambridge-Newton, MA-NH",09apr2020,.50500739,.62308866,80,25009,"Essex, MA"
"Boston-Cambridge-Newton, MA-NH",09apr2020,.50500739,.62308866,80,25017,"Middlesex, MA"
"Boston-Cambridge-Newton, MA-NH",09apr2020,.50500739,.62308866,80,25021,"Norfolk, MA"
"Boston-Cambridge-Newton, MA-NH",09apr2020,.50500739,.62308866,80,25023,"Plymouth, MA"
"Boston-Cambridge-Newton, MA-NH",09apr2020,.50500739,.62308866,80,25025,"Suffolk, MA"
"Boston-Cambridge-Newton, MA-NH",09apr2020,.50500739,.62308866,80,33015,"Rockingham, NH"
"Boston-Cambridge-Newton, MA-NH",09apr2020,.50500739,.62308866,80,33017,"Strafford, NH"
"Boulder, CO",09apr2020,.55714285,.40000001,80,08013,"Boulder, CO"
"Bowling Green, KY",09apr2020,.56565654,,80,21003,"Allen, KY"
"Bowling Green, KY",09apr2020,.56565654,,80,21031,"Butler, KY"
"Bowling Green, KY",09apr2020,.56565654,,80,21061,"Edmonson, KY"
"Bowling Green, KY",09apr2020,.56565654,,80,21227,"Warren, KY"
"Bremerton-Silverdale, WA",09apr2020,.38095239,1,80,53035,"Kitsap, WA"
"Bridgeport-Stamford-Norwalk, CT",09apr2020,.62257594,.51048952,80,09001,"Fairfield, CT"
"Brownsville-Harlingen, TX",09apr2020,.38497654,,80,48061,"Cameron, TX"
"Brunswick, GA",09apr2020,.41666666,1,80,13025,"Brantley, GA"
"Brunswick, GA",09apr2020,.41666666,1,80,13127,"Glynn, GA"
"Brunswick, GA",09apr2020,.41666666,1,80,13191,"McIntosh, GA"
"Buffalo-Cheektowaga-Niagara Falls, NY",09apr2020,.47354728,.46575344,80,36029,"Erie, NY"
"Buffalo-Cheektowaga-Niagara Falls, NY",09apr2020,.47354728,.46575344,80,36063,"Niagara, NY"
"Burlington, NC",09apr2020,.48275861,,80,37001,"Alamance, NC"
"Burlington-South Burlington, VT",09apr2020,.22307692,.54545456,80,50007,"Chittenden, VT"
"Burlington-South Burlington, VT",09apr2020,.22307692,.54545456,80,50011,"Franklin, VT"
"Burlington-South Burlington, VT",09apr2020,.22307692,.54545456,80,50013,"Grand Isle, VT"
"California-Lexington Park, MD",09apr2020,.27450982,,80,24037,"St. Mary's, MD"
"Canton-Massillon, OH",09apr2020,.58385092,.52380955,80,39019,"Carroll, OH"
"Canton-Massillon, OH",09apr2020,.58385092,.52380955,80,39151,"Stark, OH"
"Cape Coral-Fort Myers, FL",09apr2020,.36677116,.40000001,80,12071,"Lee, FL"
"Cape Girardeau, MO-IL",09apr2020,.55000001,,80,17003,"Alexander, IL"
"Cape Girardeau, MO-IL",09apr2020,.55000001,,80,29017,"Bollinger, MO"
"Cape Girardeau, MO-IL",09apr2020,.55000001,,80,29031,"Cape Girardeau, MO"
"Carbondale-Marion, IL",09apr2020,.44444445,.40000001,80,17077,"Jackson, IL"
"Carbondale-Marion, IL",09apr2020,.44444445,.40000001,80,17199,"Williamson, IL"
"Carson City, NV",09apr2020,.75555557,,80,32510,"Carson City, NV"
"Casper, WY",09apr2020,.16,,80,56025,"Natrona, WY"
"Cedar Rapids, IA",09apr2020,.6915254,.40000001,80,19011,"Benton, IA"
"Cedar Rapids, IA",09apr2020,.6915254,.40000001,80,19105,"Jones, IA"
"Cedar Rapids, IA",09apr2020,.6915254,.40000001,80,19113,"Linn, IA"
"Chambersburg-Waynesboro, PA",09apr2020,.67889911,,80,42055,"Franklin, PA"
"Champaign-Urbana, IL",09apr2020,.28125,.66666669,80,17019,"Champaign, IL"
"Champaign-Urbana, IL",09apr2020,.28125,.66666669,80,17053,"Ford, IL"
"Champaign-Urbana, IL",09apr2020,.28125,.66666669,80,17147,"Piatt, IL"
"Charleston, WV",09apr2020,.6857143,,80,54005,"Boone, WV"
"Charleston, WV",09apr2020,.6857143,,80,54015,"Clay, WV"
"Charleston, WV",09apr2020,.6857143,,80,54039,"Kanawha, WV"
"Charleston-North Charleston, SC",09apr2020,.43981481,.54545456,80,45015,"Berkeley, SC"
"Charleston-North Charleston, SC",09apr2020,.43981481,.54545456,80,45019,"Charleston, SC"
"Charleston-North Charleston, SC",09apr2020,.43981481,.54545456,80,45035,"Dorchester, SC"
"Charlotte-Concord-Gastonia, NC-SC",09apr2020,.49312559,.53846157,80,37025,"Cabarrus, NC"
"Charlotte-Concord-Gastonia, NC-SC",09apr2020,.49312559,.53846157,80,37071,"Gaston, NC"
"Charlotte-Concord-Gastonia, NC-SC",09apr2020,.49312559,.53846157,80,37097,"Iredell, NC"
"Charlotte-Concord-Gastonia, NC-SC",09apr2020,.49312559,.53846157,80,37109,"Lincoln, NC"
"Charlotte-Concord-Gastonia, NC-SC",09apr2020,.49312559,.53846157,80,37119,"Mecklenburg, NC"
"Charlotte-Concord-Gastonia, NC-SC",09apr2020,.49312559,.53846157,80,37159,"Rowan, NC"
"Charlotte-Concord-Gastonia, NC-SC",09apr2020,.49312559,.53846157,80,37179,"Union, NC"
"Charlotte-Concord-Gastonia, NC-SC",09apr2020,.49312559,.53846157,80,45023,"Chester, SC"
"Charlotte-Concord-Gastonia, NC-SC",09apr2020,.49312559,.53846157,80,45057,"Lancaster, SC"
"Charlotte-Concord-Gastonia, NC-SC",09apr2020,.49312559,.53846157,80,45091,"York, SC"
"Charlottesville, VA",09apr2020,.29545453,1,80,51003,"Albemarle, VA"
"Charlottesville, VA",09apr2020,.29545453,1,80,51029,"Buckingham, VA"
"Charlottesville, VA",09apr2020,.29545453,1,80,51065,"Fluvanna, VA"
"Charlottesville, VA",09apr2020,.29545453,1,80,51079,"Greene, VA"
"Charlottesville, VA",09apr2020,.29545453,1,80,51125,"Nelson, VA"
"Charlottesville, VA",09apr2020,.29545453,1,80,51540,"Charlottesville city, VA"
"Chattanooga, TN-GA",09apr2020,.69178081,.40000001,80,13047,"Catoosa, GA"
"Chattanooga, TN-GA",09apr2020,.69178081,.40000001,80,13083,"Dade, GA"
"Chattanooga, TN-GA",09apr2020,.69178081,.40000001,80,13295,"Walker, GA"
"Chattanooga, TN-GA",09apr2020,.69178081,.40000001,80,47065,"Hamilton, TN"
"Chattanooga, TN-GA",09apr2020,.69178081,.40000001,80,47115,"Marion, TN"
"Chattanooga, TN-GA",09apr2020,.69178081,.40000001,80,47153,"Sequatchie, TN"
"Cheyenne, WY",09apr2020,.34285715,,80,56021,"Laramie, WY"
"Chicago-Naperville-Elgin, IL-IN-WI",09apr2020,.51470816,.55098224,80,17031,"Cook, IL"
"Chicago-Naperville-Elgin, IL-IN-WI",09apr2020,.51470816,.55098224,80,17037,"DeKalb, IL"
"Chicago-Naperville-Elgin, IL-IN-WI",09apr2020,.51470816,.55098224,80,17043,"DuPage, IL"
"Chicago-Naperville-Elgin, IL-IN-WI",09apr2020,.51470816,.55098224,80,17063,"Grundy, IL"
"Chicago-Naperville-Elgin, IL-IN-WI",09apr2020,.51470816,.55098224,80,17089,"Kane, IL"
"Chicago-Naperville-Elgin, IL-IN-WI",09apr2020,.51470816,.55098224,80,17093,"Kendall, IL"
"Chicago-Naperville-Elgin, IL-IN-WI",09apr2020,.51470816,.55098224,80,17097,"Lake, IL"
"Chicago-Naperville-Elgin, IL-IN-WI",09apr2020,.51470816,.55098224,80,17111,"McHenry, IL"
"Chicago-Naperville-Elgin, IL-IN-WI",09apr2020,.51470816,.55098224,80,17197,"Will, IL"
"Chicago-Naperville-Elgin, IL-IN-WI",09apr2020,.51470816,.55098224,80,18073,"Jasper, IN"
"Chicago-Naperville-Elgin, IL-IN-WI",09apr2020,.51470816,.55098224,80,18089,"Lake, IN"
"Chicago-Naperville-Elgin, IL-IN-WI",09apr2020,.51470816,.55098224,80,18111,"Newton, IN"
"Chicago-Naperville-Elgin, IL-IN-WI",09apr2020,.51470816,.55098224,80,18127,"Porter, IN"
"Chicago-Naperville-Elgin, IL-IN-WI",09apr2020,.51470816,.55098224,80,55059,"Kenosha, WI"
"Chico, CA",09apr2020,0,,80,06007,"Butte, CA"
"Cincinnati, OH-KY-IN",09apr2020,.55137843,.61290324,80,18029,"Dearborn, IN"
"Cincinnati, OH-KY-IN",09apr2020,.55137843,.61290324,80,18115,"Ohio, IN"
"Cincinnati, OH-KY-IN",09apr2020,.55137843,.61290324,80,18161,"Union, IN"
"Cincinnati, OH-KY-IN",09apr2020,.55137843,.61290324,80,21015,"Boone, KY"
"Cincinnati, OH-KY-IN",09apr2020,.55137843,.61290324,80,21023,"Bracken, KY"
"Cincinnati, OH-KY-IN",09apr2020,.55137843,.61290324,80,21037,"Campbell, KY"
"Cincinnati, OH-KY-IN",09apr2020,.55137843,.61290324,80,21077,"Gallatin, KY"
"Cincinnati, OH-KY-IN",09apr2020,.55137843,.61290324,80,21081,"Grant, KY"
"Cincinnati, OH-KY-IN",09apr2020,.55137843,.61290324,80,21117,"Kenton, KY"
"Cincinnati, OH-KY-IN",09apr2020,.55137843,.61290324,80,21191,"Pendleton, KY"
"Cincinnati, OH-KY-IN",09apr2020,.55137843,.61290324,80,39015,"Brown, OH"
"Cincinnati, OH-KY-IN",09apr2020,.55137843,.61290324,80,39017,"Butler, OH"
"Cincinnati, OH-KY-IN",09apr2020,.55137843,.61290324,80,39025,"Clermont, OH"
"Cincinnati, OH-KY-IN",09apr2020,.55137843,.61290324,80,39061,"Hamilton, OH"
"Cincinnati, OH-KY-IN",09apr2020,.55137843,.61290324,80,39165,"Warren, OH"
"Clarksville, TN-KY",09apr2020,.38613862,0,80,21047,"Christian, KY"
"Clarksville, TN-KY",09apr2020,.38613862,0,80,21221,"Trigg, KY"
"Clarksville, TN-KY",09apr2020,.38613862,0,80,47125,"Montgomery, TN"
"Cleveland, TN",09apr2020,.46666667,,80,47011,"Bradley, TN"
"Cleveland, TN",09apr2020,.46666667,,80,47139,"Polk, TN"
"Cleveland-Elyria, OH",09apr2020,.57117277,.66292137,80,39035,"Cuyahoga, OH"
"Cleveland-Elyria, OH",09apr2020,.57117277,.66292137,80,39055,"Geauga, OH"
"Cleveland-Elyria, OH",09apr2020,.57117277,.66292137,80,39085,"Lake, OH"
"Cleveland-Elyria, OH",09apr2020,.57117277,.66292137,80,39093,"Lorain, OH"
"Cleveland-Elyria, OH",09apr2020,.57117277,.66292137,80,39103,"Medina, OH"
"Coeur dAlene, ID",09apr2020,.5714286,,80,16055,"Kootenai, ID"
"College Station-Bryan, TX",09apr2020,.37837839,.33333334,80,48041,"Brazos, TX"
"College Station-Bryan, TX",09apr2020,.37837839,.33333334,80,48051,"Burleson, TX"
"College Station-Bryan, TX",09apr2020,.37837839,.33333334,80,48395,"Robertson, TX"
"Colorado Springs, CO",09apr2020,.36507937,.44,80,08041,"El Paso, CO"
"Colorado Springs, CO",09apr2020,.36507937,.44,80,08119,"Teller, CO"
"Columbia, MO",09apr2020,.34999999,,80,29019,"Boone, MO"
"Columbia, SC",09apr2020,.47999999,.40000001,80,45017,"Calhoun, SC"
"Columbia, SC",09apr2020,.47999999,.40000001,80,45039,"Fairfield, SC"
"Columbia, SC",09apr2020,.47999999,.40000001,80,45055,"Kershaw, SC"
"Columbia, SC",09apr2020,.47999999,.40000001,80,45063,"Lexington, SC"
"Columbia, SC",09apr2020,.47999999,.40000001,80,45079,"Richland, SC"
"Columbia, SC",09apr2020,.47999999,.40000001,80,45081,"Saluda, SC"
"Columbus, GA-AL",09apr2020,.48818898,.40000001,80,01113,"Russell, AL"
"Columbus, GA-AL",09apr2020,.48818898,.40000001,80,13053,"Chattahoochee, GA"
"Columbus, GA-AL",09apr2020,.48818898,.40000001,80,13145,"Harris, GA"
"Columbus, GA-AL",09apr2020,.48818898,.40000001,80,13197,"Marion, GA"
"Columbus, GA-AL",09apr2020,.48818898,.40000001,80,13215,"Muscogee, GA"
"Columbus, IN",09apr2020,.41249999,1,80,18005,"Bartholomew, IN"
"Columbus, OH",09apr2020,.78110772,.73809522,80,39041,"Delaware, OH"
"Columbus, OH",09apr2020,.78110772,.73809522,80,39045,"Fairfield, OH"
"Columbus, OH",09apr2020,.78110772,.73809522,80,39049,"Franklin, OH"
"Columbus, OH",09apr2020,.78110772,.73809522,80,39073,"Hocking, OH"
"Columbus, OH",09apr2020,.78110772,.73809522,80,39089,"Licking, OH"
"Columbus, OH",09apr2020,.78110772,.73809522,80,39097,"Madison, OH"
"Columbus, OH",09apr2020,.78110772,.73809522,80,39117,"Morrow, OH"
"Columbus, OH",09apr2020,.78110772,.73809522,80,39127,"Perry, OH"
"Columbus, OH",09apr2020,.78110772,.73809522,80,39129,"Pickaway, OH"
"Columbus, OH",09apr2020,.78110772,.73809522,80,39159,"Union, OH"
"Corpus Christi, TX",09apr2020,.31999999,,80,48007,"Aransas, TX"
"Corpus Christi, TX",09apr2020,.31999999,,80,48355,"Nueces, TX"
"Corpus Christi, TX",09apr2020,.31999999,,80,48409,"San Patricio, TX"
"Corvallis, OR",09apr2020,.42857143,.5,80,41003,"Benton, OR"
"Crestview-Fort Walton Beach-Destin, FL",09apr2020,.47619048,1,80,12091,"Okaloosa, FL"
"Crestview-Fort Walton Beach-Destin, FL",09apr2020,.47619048,1,80,12131,"Walton, FL"
"Cumberland, MD-WV",09apr2020,.76271188,,80,24001,"Allegany, MD"
"Cumberland, MD-WV",09apr2020,.76271188,,80,54057,"Mineral, WV"
"Dallas-Fort Worth-Arlington, TX",09apr2020,.5117892,.47999999,80,48085,"Collin, TX"
"Dallas-Fort Worth-Arlington, TX",09apr2020,.5117892,.47999999,80,48113,"Dallas, TX"
"Dallas-Fort Worth-Arlington, TX",09apr2020,.5117892,.47999999,80,48121,"Denton, TX"
"Dallas-Fort Worth-Arlington, TX",09apr2020,.5117892,.47999999,80,48139,"Ellis, TX"
"Dallas-Fort Worth-Arlington, TX",09apr2020,.5117892,.47999999,80,48221,"Hood, TX"
"Dallas-Fort Worth-Arlington, TX",09apr2020,.5117892,.47999999,80,48231,"Hunt, TX"
"Dallas-Fort Worth-Arlington, TX",09apr2020,.5117892,.47999999,80,48251,"Johnson, TX"
"Dallas-Fort Worth-Arlington, TX",09apr2020,.5117892,.47999999,80,48257,"Kaufman, TX"
"Dallas-Fort Worth-Arlington, TX",09apr2020,.5117892,.47999999,80,48367,"Parker, TX"
"Dallas-Fort Worth-Arlington, TX",09apr2020,.5117892,.47999999,80,48397,"Rockwall, TX"
"Dallas-Fort Worth-Arlington, TX",09apr2020,.5117892,.47999999,80,48425,"Somervell, TX"
"Dallas-Fort Worth-Arlington, TX",09apr2020,.5117892,.47999999,80,48439,"Tarrant, TX"
"Dallas-Fort Worth-Arlington, TX",09apr2020,.5117892,.47999999,80,48497,"Wise, TX"
"Dalton, GA",09apr2020,.56097561,1,80,13213,"Murray, GA"
"Dalton, GA",09apr2020,.56097561,1,80,13313,"Whitfield, GA"
"Danville, IL",09apr2020,.40000001,,80,17183,"Vermilion, IL"
"Daphne-Fairhope-Foley, AL",09apr2020,.40963855,.5,80,01003,"Baldwin, AL"
"Davenport-Moline-Rock Island, IA-IL",09apr2020,.55666667,.42857143,80,17073,"Henry, IL"
"Davenport-Moline-Rock Island, IA-IL",09apr2020,.55666667,.42857143,80,17131,"Mercer, IL"
"Davenport-Moline-Rock Island, IA-IL",09apr2020,.55666667,.42857143,80,17161,"Rock Island, IL"
"Davenport-Moline-Rock Island, IA-IL",09apr2020,.55666667,.42857143,80,19163,"Scott, IA"
"Dayton, OH",09apr2020,.33812949,.27777779,80,39057,"Greene, OH"
"Dayton, OH",09apr2020,.33812949,.27777779,80,39109,"Miami, OH"
"Dayton, OH",09apr2020,.33812949,.27777779,80,39113,"Montgomery, OH"
"Decatur, AL",09apr2020,.52380955,,80,01079,"Lawrence, AL"
"Decatur, AL",09apr2020,.52380955,,80,01103,"Morgan, AL"
"Decatur, IL",09apr2020,.60240966,.55555558,80,17115,"Macon, IL"
"Deltona-Daytona Beach-Ormond Beach, FL",09apr2020,.65079367,.45454547,80,12035,"Flagler, FL"
"Deltona-Daytona Beach-Ormond Beach, FL",09apr2020,.65079367,.45454547,80,12127,"Volusia, FL"
"Denver-Aurora-Lakewood, CO",09apr2020,.49661067,.56038648,80,08001,"Adams, CO"
"Denver-Aurora-Lakewood, CO",09apr2020,.49661067,.56038648,80,08005,"Arapahoe, CO"
"Denver-Aurora-Lakewood, CO",09apr2020,.49661067,.56038648,80,08014,"Broomfield, CO"
"Denver-Aurora-Lakewood, CO",09apr2020,.49661067,.56038648,80,08019,"Clear Creek, CO"
"Denver-Aurora-Lakewood, CO",09apr2020,.49661067,.56038648,80,08031,"Denver, CO"
"Denver-Aurora-Lakewood, CO",09apr2020,.49661067,.56038648,80,08035,"Douglas, CO"
"Denver-Aurora-Lakewood, CO",09apr2020,.49661067,.56038648,80,08039,"Elbert, CO"
"Denver-Aurora-Lakewood, CO",09apr2020,.49661067,.56038648,80,08047,"Gilpin, CO"
"Denver-Aurora-Lakewood, CO",09apr2020,.49661067,.56038648,80,08059,"Jefferson, CO"
"Denver-Aurora-Lakewood, CO",09apr2020,.49661067,.56038648,80,08093,"Park, CO"
"Des Moines-West Des Moines, IA",09apr2020,.70501477,.75,80,19049,"Dallas, IA"
"Des Moines-West Des Moines, IA",09apr2020,.70501477,.75,80,19077,"Guthrie, IA"
"Des Moines-West Des Moines, IA",09apr2020,.70501477,.75,80,19121,"Madison, IA"
"Des Moines-West Des Moines, IA",09apr2020,.70501477,.75,80,19153,"Polk, IA"
"Des Moines-West Des Moines, IA",09apr2020,.70501477,.75,80,19181,"Warren, IA"
"Detroit-Warren-Dearborn, MI",09apr2020,.39731228,.48051947,80,26087,"Lapeer, MI"
"Detroit-Warren-Dearborn, MI",09apr2020,.39731228,.48051947,80,26093,"Livingston, MI"
"Detroit-Warren-Dearborn, MI",09apr2020,.39731228,.48051947,80,26099,"Macomb, MI"
"Detroit-Warren-Dearborn, MI",09apr2020,.39731228,.48051947,80,26125,"Oakland, MI"
"Detroit-Warren-Dearborn, MI",09apr2020,.39731228,.48051947,80,26147,"St. Clair, MI"
"Detroit-Warren-Dearborn, MI",09apr2020,.39731228,.48051947,80,26163,"Wayne, MI"
"Dothan, AL",09apr2020,.41176471,.33333334,80,01061,"Geneva, AL"
"Dothan, AL",09apr2020,.41176471,.33333334,80,01067,"Henry, AL"
"Dothan, AL",09apr2020,.41176471,.33333334,80,01069,"Houston, AL"
"Dover, DE",09apr2020,.52317882,.58333331,80,10001,"Kent, DE"
"Dubuque, IA",09apr2020,.5714286,,80,19061,"Dubuque, IA"
"Duluth, MN-WI",09apr2020,.4509804,,80,27017,"Carlton, MN"
"Duluth, MN-WI",09apr2020,.4509804,,80,27137,"St. Louis, MN"
"Duluth, MN-WI",09apr2020,.4509804,,80,55031,"Douglas, WI"
"Durham-Chapel Hill, NC",09apr2020,.47139588,.83333331,80,37037,"Chatham, NC"
"Durham-Chapel Hill, NC",09apr2020,.47139588,.83333331,80,37063,"Durham, NC"
"Durham-Chapel Hill, NC",09apr2020,.47139588,.83333331,80,37135,"Orange, NC"
"Durham-Chapel Hill, NC",09apr2020,.47139588,.83333331,80,37145,"Person, NC"
"East Stroudsburg, PA",09apr2020,.41569766,.64516127,80,42089,"Monroe, PA"
"Eau Claire, WI",09apr2020,.5,,80,55017,"Chippewa, WI"
"Eau Claire, WI",09apr2020,.5,,80,55035,"Eau Claire, WI"
"El Centro, CA",09apr2020,.62589926,1,80,06025,"Imperial, CA"
"El Paso, TX",09apr2020,.60772359,,80,48141,"El Paso, TX"
"El Paso, TX",09apr2020,.60772359,,80,48229,"Hudspeth, TX"
"Elizabethtown-Fort Knox, KY",09apr2020,.29166666,,80,21093,"Hardin, KY"
"Elizabethtown-Fort Knox, KY",09apr2020,.29166666,,80,21123,"Larue, KY"
"Elizabethtown-Fort Knox, KY",09apr2020,.29166666,,80,21163,"Meade, KY"
"Elkhart-Goshen, IN",09apr2020,.57553959,,80,18039,"Elkhart, IN"
"Elmira, NY",09apr2020,.30000001,0,80,36015,"Chemung, NY"
"Enid, OK",09apr2020,.66666669,,80,40047,"Garfield, OK"
"Erie, PA",09apr2020,.60606062,,80,42049,"Erie, PA"
"Eugene, OR",09apr2020,.23529412,,80,41039,"Lane, OR"
"Evansville, IN-KY",09apr2020,.62096775,.625,80,18129,"Posey, IN"
"Evansville, IN-KY",09apr2020,.62096775,.625,80,18163,"Vanderburgh, IN"
"Evansville, IN-KY",09apr2020,.62096775,.625,80,18173,"Warrick, IN"
"Evansville, IN-KY",09apr2020,.62096775,.625,80,21101,"Henderson, KY"
"Fairbanks, AK",09apr2020,0,0,80,02090,"Fairbanks North Star Borough, AK"
"Fargo, ND-MN",09apr2020,.68359375,.77777779,80,27027,"Clay, MN"
"Fargo, ND-MN",09apr2020,.68359375,.77777779,80,38017,"Cass, ND"
"Farmington, NM",09apr2020,.62331837,,80,35045,"San Juan, NM"
"Fayetteville, NC",09apr2020,.63414633,,80,37051,"Cumberland, NC"
"Fayetteville, NC",09apr2020,.63414633,,80,37093,"Hoke, NC"
"Fayetteville-Springdale-Rogers, AR-MO",09apr2020,.49019608,,80,05007,"Benton, AR"
"Fayetteville-Springdale-Rogers, AR-MO",09apr2020,.49019608,,80,05087,"Madison, AR"
"Fayetteville-Springdale-Rogers, AR-MO",09apr2020,.49019608,,80,05143,"Washington, AR"
"Fayetteville-Springdale-Rogers, AR-MO",09apr2020,.49019608,,80,29119,"McDonald, MO"
"Flagstaff, AZ",09apr2020,.50877196,.52380955,80,04005,"Coconino, AZ"
"Flint, MI",09apr2020,.42835131,.49494949,80,26049,"Genesee, MI"
"Florence, SC",09apr2020,.69892472,.33333334,80,45031,"Darlington, SC"
"Florence, SC",09apr2020,.69892472,.33333334,80,45041,"Florence, SC"
"Florence-Muscle Shoals, AL",09apr2020,.63157892,0,80,01033,"Colbert, AL"
"Florence-Muscle Shoals, AL",09apr2020,.63157892,0,80,01077,"Lauderdale, AL"
"Fond du Lac, WI",09apr2020,.35294119,0,80,55039,"Fond du Lac, WI"
"Fort Collins, CO",09apr2020,.64646465,.83333331,80,08069,"Larimer, CO"
"Fort Smith, AR-OK",09apr2020,.40000001,0,80,05033,"Crawford, AR"
"Fort Smith, AR-OK",09apr2020,.40000001,0,80,05131,"Sebastian, AR"
"Fort Smith, AR-OK",09apr2020,.40000001,0,80,40079,"Le Flore, OK"
"Fort Smith, AR-OK",09apr2020,.40000001,0,80,40135,"Sequoyah, OK"
"Fort Wayne, IN",09apr2020,.6423077,.46666667,80,18003,"Allen, IN"
"Fort Wayne, IN",09apr2020,.6423077,.46666667,80,18179,"Wells, IN"
"Fort Wayne, IN",09apr2020,.6423077,.46666667,80,18183,"Whitley, IN"
"Fresno, CA",09apr2020,.5219298,0,80,06019,"Fresno, CA"
"Gadsden, AL",09apr2020,.46376812,.2,80,01055,"Etowah, AL"
"Gainesville, FL",09apr2020,.34117648,,80,12001,"Alachua, FL"
"Gainesville, FL",09apr2020,.34117648,,80,12041,"Gilchrist, FL"
"Gainesville, GA",09apr2020,.74925816,,80,13139,"Hall, GA"
"Gettysburg, PA",09apr2020,.47457626,,80,42001,"Adams, PA"
"Glens Falls, NY",09apr2020,.484375,.40000001,80,36113,"Warren, NY"
"Glens Falls, NY",09apr2020,.484375,.40000001,80,36115,"Washington, NY"
"Goldsboro, NC",09apr2020,.91651541,,80,37191,"Wayne, NC"
"Grand Forks, ND-MN",09apr2020,.94339621,,80,27119,"Polk, MN"
"Grand Forks, ND-MN",09apr2020,.94339621,,80,38035,"Grand Forks, ND"
"Grand Island, NE",09apr2020,.60072595,.78571427,80,31079,"Hall, NE"
"Grand Island, NE",09apr2020,.60072595,.78571427,80,31081,"Hamilton, NE"
"Grand Island, NE",09apr2020,.60072595,.78571427,80,31093,"Howard, NE"
"Grand Island, NE",09apr2020,.60072595,.78571427,80,31121,"Merrick, NE"
"Grand Junction, CO",09apr2020,.5,,80,08077,"Mesa, CO"
"Grand Rapids-Wyoming, MI",09apr2020,.72956908,.58333331,80,26015,"Barry, MI"
"Grand Rapids-Wyoming, MI",09apr2020,.72956908,.58333331,80,26081,"Kent, MI"
"Grand Rapids-Wyoming, MI",09apr2020,.72956908,.58333331,80,26117,"Montcalm, MI"
"Grand Rapids-Wyoming, MI",09apr2020,.72956908,.58333331,80,26139,"Ottawa, MI"
"Grants Pass, OR",09apr2020,0,,80,41033,"Josephine, OR"
"Great Falls, MT",09apr2020,0,,80,30013,"Cascade, MT"
"Greeley, CO",09apr2020,.46536145,.30769232,80,08123,"Weld, CO"
"Green Bay, WI",09apr2020,.80000001,,80,55009,"Brown, WI"
"Green Bay, WI",09apr2020,.80000001,,80,55061,"Kewaunee, WI"
"Green Bay, WI",09apr2020,.80000001,,80,55083,"Oconto, WI"
"Greensboro-High Point, NC",09apr2020,.67080748,.5714286,80,37081,"Guilford, NC"
"Greensboro-High Point, NC",09apr2020,.67080748,.5714286,80,37151,"Randolph, NC"
"Greensboro-High Point, NC",09apr2020,.67080748,.5714286,80,37157,"Rockingham, NC"
"Greenville, NC",09apr2020,.625,,80,37147,"Pitt, NC"
"Greenville-Anderson-Mauldin, SC",09apr2020,.43181819,.18181819,80,45007,"Anderson, SC"
"Greenville-Anderson-Mauldin, SC",09apr2020,.43181819,.18181819,80,45045,"Greenville, SC"
"Greenville-Anderson-Mauldin, SC",09apr2020,.43181819,.18181819,80,45059,"Laurens, SC"
"Greenville-Anderson-Mauldin, SC",09apr2020,.43181819,.18181819,80,45077,"Pickens, SC"
"Gulfport-Biloxi-Pascagoula, MS",09apr2020,.33505154,.2857143,80,28045,"Hancock, MS"
"Gulfport-Biloxi-Pascagoula, MS",09apr2020,.33505154,.2857143,80,28047,"Harrison, MS"
"Gulfport-Biloxi-Pascagoula, MS",09apr2020,.33505154,.2857143,80,28059,"Jackson, MS"
"Hagerstown-Martinsburg, MD-WV",09apr2020,.34745762,,80,24043,"Washington, MD"
"Hagerstown-Martinsburg, MD-WV",09apr2020,.34745762,,80,54003,"Berkeley, WV"
"Hammond, LA",09apr2020,.33777776,.26666668,80,22105,"Tangipahoa, LA"
"Hanford-Corcoran, CA",09apr2020,.75999999,,80,06031,"Kings, CA"
"Harrisburg-Carlisle, PA",09apr2020,.60206717,.66666669,80,42041,"Cumberland, PA"
"Harrisburg-Carlisle, PA",09apr2020,.60206717,.66666669,80,42043,"Dauphin, PA"
"Harrisburg-Carlisle, PA",09apr2020,.60206717,.66666669,80,42099,"Perry, PA"
"Harrisonburg, VA",09apr2020,.72481573,,80,51165,"Rockingham, VA"
"Harrisonburg, VA",09apr2020,.72481573,,80,51660,"Harrisonburg city, VA"
"Hartford-West Hartford-East Hartford, CT",09apr2020,.5362618,.604119,80,09003,"Hartford, CT"
"Hartford-West Hartford-East Hartford, CT",09apr2020,.5362618,.604119,80,09007,"Middlesex, CT"
"Hartford-West Hartford-East Hartford, CT",09apr2020,.5362618,.604119,80,09013,"Tolland, CT"
"Hattiesburg, MS",09apr2020,.41317365,.75,80,28035,"Forrest, MS"
"Hattiesburg, MS",09apr2020,.41317365,.75,80,28073,"Lamar, MS"
"Hattiesburg, MS",09apr2020,.41317365,.75,80,28111,"Perry, MS"
"Hickory-Lenoir-Morganton, NC",09apr2020,.38961038,.66666669,80,37003,"Alexander, NC"
"Hickory-Lenoir-Morganton, NC",09apr2020,.38961038,.66666669,80,37023,"Burke, NC"
"Hickory-Lenoir-Morganton, NC",09apr2020,.38961038,.66666669,80,37027,"Caldwell, NC"
"Hickory-Lenoir-Morganton, NC",09apr2020,.38961038,.66666669,80,37035,"Catawba, NC"
"Hilton Head Island-Bluffton-Beaufort, SC",09apr2020,.49230769,.5714286,80,45013,"Beaufort, SC"
"Hilton Head Island-Bluffton-Beaufort, SC",09apr2020,.49230769,.5714286,80,45053,"Jasper, SC"
"Hinesville, GA",09apr2020,.36363637,,80,13179,"Liberty, GA"
"Hinesville, GA",09apr2020,.36363637,,80,13183,"Long, GA"
"Homosassa Springs, FL",09apr2020,.47368422,0,80,12017,"Citrus, FL"
"Hot Springs, AR",09apr2020,.078431375,,80,05051,"Garland, AR"
"Houma-Thibodaux, LA",09apr2020,.43631437,.71875,80,22057,"Lafourche, LA"
"Houma-Thibodaux, LA",09apr2020,.43631437,.71875,80,22109,"Terrebonne, LA"
"Houston-The Woodlands-Sugar Land, TX",09apr2020,.42009926,.41975307,80,48015,"Austin, TX"
"Houston-The Woodlands-Sugar Land, TX",09apr2020,.42009926,.41975307,80,48039,"Brazoria, TX"
"Houston-The Woodlands-Sugar Land, TX",09apr2020,.42009926,.41975307,80,48071,"Chambers, TX"
"Houston-The Woodlands-Sugar Land, TX",09apr2020,.42009926,.41975307,80,48157,"Fort Bend, TX"
"Houston-The Woodlands-Sugar Land, TX",09apr2020,.42009926,.41975307,80,48167,"Galveston, TX"
"Houston-The Woodlands-Sugar Land, TX",09apr2020,.42009926,.41975307,80,48201,"Harris, TX"
"Houston-The Woodlands-Sugar Land, TX",09apr2020,.42009926,.41975307,80,48291,"Liberty, TX"
"Houston-The Woodlands-Sugar Land, TX",09apr2020,.42009926,.41975307,80,48339,"Montgomery, TX"
"Houston-The Woodlands-Sugar Land, TX",09apr2020,.42009926,.41975307,80,48473,"Waller, TX"
"Huntington-Ashland, WV-KY-OH",09apr2020,.22794117,.83333331,80,21019,"Boyd, KY"
"Huntington-Ashland, WV-KY-OH",09apr2020,.22794117,.83333331,80,21089,"Greenup, KY"
"Huntington-Ashland, WV-KY-OH",09apr2020,.22794117,.83333331,80,39087,"Lawrence, OH"
"Huntington-Ashland, WV-KY-OH",09apr2020,.22794117,.83333331,80,54011,"Cabell, WV"
"Huntington-Ashland, WV-KY-OH",09apr2020,.22794117,.83333331,80,54043,"Lincoln, WV"
"Huntington-Ashland, WV-KY-OH",09apr2020,.22794117,.83333331,80,54079,"Putnam, WV"
"Huntington-Ashland, WV-KY-OH",09apr2020,.22794117,.83333331,80,54099,"Wayne, WV"
"Huntsville, AL",09apr2020,.46153846,0,80,01083,"Limestone, AL"
"Huntsville, AL",09apr2020,.46153846,0,80,01089,"Madison, AL"
"Idaho Falls, ID",09apr2020,.18181819,,80,16019,"Bonneville, ID"
"Idaho Falls, ID",09apr2020,.18181819,,80,16023,"Butte, ID"
"Idaho Falls, ID",09apr2020,.18181819,,80,16051,"Jefferson, ID"
"Indianapolis-Carmel-Anderson, IN",09apr2020,.51688558,.44522968,80,18011,"Boone, IN"
"Indianapolis-Carmel-Anderson, IN",09apr2020,.51688558,.44522968,80,18013,"Brown, IN"
"Indianapolis-Carmel-Anderson, IN",09apr2020,.51688558,.44522968,80,18057,"Hamilton, IN"
"Indianapolis-Carmel-Anderson, IN",09apr2020,.51688558,.44522968,80,18059,"Hancock, IN"
"Indianapolis-Carmel-Anderson, IN",09apr2020,.51688558,.44522968,80,18063,"Hendricks, IN"
"Indianapolis-Carmel-Anderson, IN",09apr2020,.51688558,.44522968,80,18081,"Johnson, IN"
"Indianapolis-Carmel-Anderson, IN",09apr2020,.51688558,.44522968,80,18095,"Madison, IN"
"Indianapolis-Carmel-Anderson, IN",09apr2020,.51688558,.44522968,80,18097,"Marion, IN"
"Indianapolis-Carmel-Anderson, IN",09apr2020,.51688558,.44522968,80,18109,"Morgan, IN"
"Indianapolis-Carmel-Anderson, IN",09apr2020,.51688558,.44522968,80,18133,"Putnam, IN"
"Indianapolis-Carmel-Anderson, IN",09apr2020,.51688558,.44522968,80,18145,"Shelby, IN"
"Iowa City, IA",09apr2020,.62300318,.2,80,19103,"Johnson, IA"
"Iowa City, IA",09apr2020,.62300318,.2,80,19183,"Washington, IA"
"Ithaca, NY",09apr2020,.23529412,,80,36109,"Tompkins, NY"
"Jackson, MI",09apr2020,.5766871,.5,80,26075,"Jackson, MI"
"Jackson, MS",09apr2020,.53478259,.60000002,80,28029,"Copiah, MS"
"Jackson, MS",09apr2020,.53478259,.60000002,80,28049,"Hinds, MS"
"Jackson, MS",09apr2020,.53478259,.60000002,80,28089,"Madison, MS"
"Jackson, MS",09apr2020,.53478259,.60000002,80,28121,"Rankin, MS"
"Jackson, MS",09apr2020,.53478259,.60000002,80,28127,"Simpson, MS"
"Jackson, MS",09apr2020,.53478259,.60000002,80,28163,"Yazoo, MS"
"Jackson, TN",09apr2020,.49206349,,80,47023,"Chester, TN"
"Jackson, TN",09apr2020,.49206349,,80,47033,"Crockett, TN"
"Jackson, TN",09apr2020,.49206349,,80,47113,"Madison, TN"
"Jacksonville, FL",09apr2020,.49828768,.46666667,80,12003,"Baker, FL"
"Jacksonville, FL",09apr2020,.49828768,.46666667,80,12019,"Clay, FL"
"Jacksonville, FL",09apr2020,.49828768,.46666667,80,12031,"Duval, FL"
"Jacksonville, FL",09apr2020,.49828768,.46666667,80,12089,"Nassau, FL"
"Jacksonville, FL",09apr2020,.49828768,.46666667,80,12109,"St. Johns, FL"
"Jacksonville, NC",09apr2020,.40000001,,80,37133,"Onslow, NC"
"Janesville-Beloit, WI",09apr2020,.53333336,0,80,55105,"Rock, WI"
"Jefferson City, MO",09apr2020,.80434781,,80,29027,"Callaway, MO"
"Jefferson City, MO",09apr2020,.80434781,,80,29051,"Cole, MO"
"Jefferson City, MO",09apr2020,.80434781,,80,29135,"Moniteau, MO"
"Jefferson City, MO",09apr2020,.80434781,,80,29151,"Osage, MO"
"Johnson City, TN",09apr2020,.11111111,,80,47019,"Carter, TN"
"Johnson City, TN",09apr2020,.11111111,,80,47171,"Unicoi, TN"
"Johnson City, TN",09apr2020,.11111111,,80,47179,"Washington, TN"
"Johnstown, PA",09apr2020,.58333331,1,80,42021,"Cambria, PA"
"Jonesboro, AR",09apr2020,.44827586,,80,05031,"Craighead, AR"
"Jonesboro, AR",09apr2020,.44827586,,80,05111,"Poinsett, AR"
"Joplin, MO",09apr2020,.0625,,80,29097,"Jasper, MO"
"Joplin, MO",09apr2020,.0625,,80,29145,"Newton, MO"
"Kahului-Wailuku-Lahaina, HI",09apr2020,.32142857,.5,80,15005,"Kalawao, HI"
"Kahului-Wailuku-Lahaina, HI",09apr2020,.32142857,.5,80,15009,"Maui, HI"
"Kalamazoo-Portage, MI",09apr2020,.73006135,.5,80,26077,"Kalamazoo, MI"
"Kalamazoo-Portage, MI",09apr2020,.73006135,.5,80,26159,"Van Buren, MI"
"Kankakee, IL",09apr2020,.40714285,.53846157,80,17091,"Kankakee, IL"
"Kansas City, MO-KS",09apr2020,.44528875,.53424656,80,20091,"Johnson, KS"
"Kansas City, MO-KS",09apr2020,.44528875,.53424656,80,20103,"Leavenworth, KS"
"Kansas City, MO-KS",09apr2020,.44528875,.53424656,80,20107,"Linn, KS"
"Kansas City, MO-KS",09apr2020,.44528875,.53424656,80,20121,"Miami, KS"
"Kansas City, MO-KS",09apr2020,.44528875,.53424656,80,20209,"Wyandotte, KS"
"Kansas City, MO-KS",09apr2020,.44528875,.53424656,80,29013,"Bates, MO"
"Kansas City, MO-KS",09apr2020,.44528875,.53424656,80,29025,"Caldwell, MO"
"Kansas City, MO-KS",09apr2020,.44528875,.53424656,80,29037,"Cass, MO"
"Kansas City, MO-KS",09apr2020,.44528875,.53424656,80,29047,"Clay, MO"
"Kansas City, MO-KS",09apr2020,.44528875,.53424656,80,29049,"Clinton, MO"
"Kansas City, MO-KS",09apr2020,.44528875,.53424656,80,29095,"Jackson, MO"
"Kansas City, MO-KS",09apr2020,.44528875,.53424656,80,29107,"Lafayette, MO"
"Kansas City, MO-KS",09apr2020,.44528875,.53424656,80,29165,"Platte, MO"
"Kansas City, MO-KS",09apr2020,.44528875,.53424656,80,29177,"Ray, MO"
"Kennewick-Richland, WA",09apr2020,.49152541,.27777779,80,53005,"Benton, WA"
"Kennewick-Richland, WA",09apr2020,.49152541,.27777779,80,53021,"Franklin, WA"
"Killeen-Temple, TX",09apr2020,.41496599,.5,80,48027,"Bell, TX"
"Killeen-Temple, TX",09apr2020,.41496599,.5,80,48099,"Coryell, TX"
"Killeen-Temple, TX",09apr2020,.41496599,.5,80,48281,"Lampasas, TX"
"Kingsport-Bristol-Bristol, TN-VA",09apr2020,.1923077,.80000001,80,47073,"Hawkins, TN"
"Kingsport-Bristol-Bristol, TN-VA",09apr2020,.1923077,.80000001,80,47163,"Sullivan, TN"
"Kingsport-Bristol-Bristol, TN-VA",09apr2020,.1923077,.80000001,80,51169,"Scott, VA"
"Kingsport-Bristol-Bristol, TN-VA",09apr2020,.1923077,.80000001,80,51191,"Washington, VA"
"Kingsport-Bristol-Bristol, TN-VA",09apr2020,.1923077,.80000001,80,51520,"Bristol city, VA"
"Kingston, NY",09apr2020,.36659878,1,80,36111,"Ulster, NY"
"Knoxville, TN",09apr2020,.39772728,0,80,47001,"Anderson, TN"
"Knoxville, TN",09apr2020,.39772728,0,80,47009,"Blount, TN"
"Knoxville, TN",09apr2020,.39772728,0,80,47013,"Campbell, TN"
"Knoxville, TN",09apr2020,.39772728,0,80,47057,"Grainger, TN"
"Knoxville, TN",09apr2020,.39772728,0,80,47093,"Knox, TN"
"Knoxville, TN",09apr2020,.39772728,0,80,47105,"Loudon, TN"
"Knoxville, TN",09apr2020,.39772728,0,80,47129,"Morgan, TN"
"Knoxville, TN",09apr2020,.39772728,0,80,47145,"Roane, TN"
"Knoxville, TN",09apr2020,.39772728,0,80,47173,"Union, TN"
"Kokomo, IN",09apr2020,.47058824,,80,18067,"Howard, IN"
"La Crosse-Onalaska, WI-MN",09apr2020,0,,80,27055,"Houston, MN"
"La Crosse-Onalaska, WI-MN",09apr2020,0,,80,55063,"La Crosse, WI"
"Lafayette, LA",09apr2020,.40796021,.35714287,80,22001,"Acadia, LA"
"Lafayette, LA",09apr2020,.40796021,.35714287,80,22045,"Iberia, LA"
"Lafayette, LA",09apr2020,.40796021,.35714287,80,22055,"Lafayette, LA"
"Lafayette, LA",09apr2020,.40796021,.35714287,80,22099,"St. Martin, LA"
"Lafayette, LA",09apr2020,.40796021,.35714287,80,22113,"Vermilion, LA"
"Lafayette-West Lafayette, IN",09apr2020,.53333336,0,80,18007,"Benton, IN"
"Lafayette-West Lafayette, IN",09apr2020,.53333336,0,80,18015,"Carroll, IN"
"Lafayette-West Lafayette, IN",09apr2020,.53333336,0,80,18157,"Tippecanoe, IN"
"Lake Charles, LA",09apr2020,.39473686,.42105263,80,22019,"Calcasieu, LA"
"Lake Charles, LA",09apr2020,.39473686,.42105263,80,22023,"Cameron, LA"
"Lake Havasu City-Kingman, AZ",09apr2020,.43589744,.5,80,04015,"Mohave, AZ"
"Lakeland-Winter Haven, FL",09apr2020,.47741935,.55555558,80,12105,"Polk, FL"
"Lancaster, PA",09apr2020,.53856212,.5,80,42071,"Lancaster, PA"
"Lansing-East Lansing, MI",09apr2020,.54854369,.30769232,80,26037,"Clinton, MI"
"Lansing-East Lansing, MI",09apr2020,.54854369,.30769232,80,26045,"Eaton, MI"
"Lansing-East Lansing, MI",09apr2020,.54854369,.30769232,80,26065,"Ingham, MI"
"Laredo, TX",09apr2020,.37724552,.33333334,80,48479,"Webb, TX"
"Las Cruces, NM",09apr2020,,,80,35013,"Doña Ana, NM"
"Las Vegas-Henderson-Paradise, NV",09apr2020,.49179104,.41176471,80,32003,"Clark, NV"
"Lawrence, KS",09apr2020,.40000001,,80,20045,"Douglas, KS"
"Lawton, OK",09apr2020,.68965518,,80,40031,"Comanche, OK"
"Lawton, OK",09apr2020,.68965518,,80,40033,"Cotton, OK"
"Lebanon, PA",09apr2020,.50819671,,80,42075,"Lebanon, PA"
"Lewiston, ID-WA",09apr2020,.64864862,.33333334,80,16069,"Nez Perce, ID"
"Lewiston, ID-WA",09apr2020,.64864862,.33333334,80,53003,"Asotin, WA"
"Lewiston-Auburn, ME",09apr2020,.38461539,,80,23001,"Androscoggin, ME"
"Lexington-Fayette, KY",09apr2020,.22916667,1,80,21017,"Bourbon, KY"
"Lexington-Fayette, KY",09apr2020,.22916667,1,80,21049,"Clark, KY"
"Lexington-Fayette, KY",09apr2020,.22916667,1,80,21067,"Fayette, KY"
"Lexington-Fayette, KY",09apr2020,.22916667,1,80,21113,"Jessamine, KY"
"Lexington-Fayette, KY",09apr2020,.22916667,1,80,21209,"Scott, KY"
"Lexington-Fayette, KY",09apr2020,.22916667,1,80,21239,"Woodford, KY"
"Lima, OH",09apr2020,.6056338,.72727275,80,39003,"Allen, OH"
"Lincoln, NE",09apr2020,.67213112,1,80,31109,"Lancaster, NE"
"Lincoln, NE",09apr2020,.67213112,1,80,31159,"Seward, NE"
"Little Rock-North Little Rock-Conway, AR",09apr2020,.31600001,.33333334,80,05045,"Faulkner, AR"
"Little Rock-North Little Rock-Conway, AR",09apr2020,.31600001,.33333334,80,05053,"Grant, AR"
"Little Rock-North Little Rock-Conway, AR",09apr2020,.31600001,.33333334,80,05085,"Lonoke, AR"
"Little Rock-North Little Rock-Conway, AR",09apr2020,.31600001,.33333334,80,05105,"Perry, AR"
"Little Rock-North Little Rock-Conway, AR",09apr2020,.31600001,.33333334,80,05119,"Pulaski, AR"
"Little Rock-North Little Rock-Conway, AR",09apr2020,.31600001,.33333334,80,05125,"Saline, AR"
"Logan, UT-ID",09apr2020,.33333334,,80,16041,"Franklin, ID"
"Logan, UT-ID",09apr2020,.33333334,,80,49005,"Cache, UT"
"Longview, TX",09apr2020,.48837209,,80,48183,"Gregg, TX"
"Longview, TX",09apr2020,.48837209,,80,48401,"Rusk, TX"
"Longview, TX",09apr2020,.48837209,,80,48459,"Upshur, TX"
"Longview, WA",09apr2020,.78571427,,80,53015,"Cowlitz, WA"
"Los Angeles-Long Beach-Anaheim, CA",09apr2020,.65505081,.61861312,80,06037,"Los Angeles, CA"
"Los Angeles-Long Beach-Anaheim, CA",09apr2020,.65505081,.61861312,80,06059,"Orange, CA"
"Louisville/Jefferson County, KY-IN",09apr2020,.61175114,.49206349,80,18019,"Clark, IN"
"Louisville/Jefferson County, KY-IN",09apr2020,.61175114,.49206349,80,18043,"Floyd, IN"
"Louisville/Jefferson County, KY-IN",09apr2020,.61175114,.49206349,80,18061,"Harrison, IN"
"Louisville/Jefferson County, KY-IN",09apr2020,.61175114,.49206349,80,18143,"Scott, IN"
"Louisville/Jefferson County, KY-IN",09apr2020,.61175114,.49206349,80,18175,"Washington, IN"
"Louisville/Jefferson County, KY-IN",09apr2020,.61175114,.49206349,80,21029,"Bullitt, KY"
"Louisville/Jefferson County, KY-IN",09apr2020,.61175114,.49206349,80,21103,"Henry, KY"
"Louisville/Jefferson County, KY-IN",09apr2020,.61175114,.49206349,80,21111,"Jefferson, KY"
"Louisville/Jefferson County, KY-IN",09apr2020,.61175114,.49206349,80,21185,"Oldham, KY"
"Louisville/Jefferson County, KY-IN",09apr2020,.61175114,.49206349,80,21211,"Shelby, KY"
"Louisville/Jefferson County, KY-IN",09apr2020,.61175114,.49206349,80,21215,"Spencer, KY"
"Louisville/Jefferson County, KY-IN",09apr2020,.61175114,.49206349,80,21223,"Trimble, KY"
"Lubbock, TX",09apr2020,.49822065,.42857143,80,48107,"Crosby, TX"
"Lubbock, TX",09apr2020,.49822065,.42857143,80,48303,"Lubbock, TX"
"Lubbock, TX",09apr2020,.49822065,.42857143,80,48305,"Lynn, TX"
"Lynchburg, VA",09apr2020,.35416666,,80,51009,"Amherst, VA"
"Lynchburg, VA",09apr2020,.35416666,,80,51011,"Appomattox, VA"
"Lynchburg, VA",09apr2020,.35416666,,80,51019,"Bedford, VA"
"Lynchburg, VA",09apr2020,.35416666,,80,51031,"Campbell, VA"
"Lynchburg, VA",09apr2020,.35416666,,80,51680,"Lynchburg city, VA"
"Macon-Bibb County, GA",09apr2020,.63592231,1,80,13021,"Bibb, GA"
"Macon-Bibb County, GA",09apr2020,.63592231,1,80,13079,"Crawford, GA"
"Macon-Bibb County, GA",09apr2020,.63592231,1,80,13169,"Jones, GA"
"Macon-Bibb County, GA",09apr2020,.63592231,1,80,13207,"Monroe, GA"
"Macon-Bibb County, GA",09apr2020,.63592231,1,80,13289,"Twiggs, GA"
"Madera, CA",09apr2020,.5,,80,06039,"Madera, CA"
"Madison, WI",09apr2020,.41111112,.55555558,80,55021,"Columbia, WI"
"Madison, WI",09apr2020,.41111112,.55555558,80,55025,"Dane, WI"
"Madison, WI",09apr2020,.41111112,.55555558,80,55045,"Green, WI"
"Madison, WI",09apr2020,.41111112,.55555558,80,55049,"Iowa, WI"
"Manchester-Nashua, NH",09apr2020,.5899471,.42857143,80,33011,"Hillsborough, NH"
"Manhattan, KS",09apr2020,.69230771,,80,20149,"Pottawatomie, KS"
"Manhattan, KS",09apr2020,.69230771,,80,20161,"Riley, KS"
"Mankato-North Mankato, MN",09apr2020,.55555558,,80,27013,"Blue Earth, MN"
"Mankato-North Mankato, MN",09apr2020,.55555558,,80,27103,"Nicollet, MN"
"Mansfield, OH",09apr2020,.56818181,,80,39139,"Richland, OH"
"McAllen-Edinburg-Mission, TX",09apr2020,.39455783,1,80,48215,"Hidalgo, TX"
"Medford, OR",09apr2020,.22222222,,80,41029,"Jackson, OR"
"Memphis, TN-MS-AR",09apr2020,.4768413,.5,80,05035,"Crittenden, AR"
"Memphis, TN-MS-AR",09apr2020,.4768413,.5,80,28009,"Benton, MS"
"Memphis, TN-MS-AR",09apr2020,.4768413,.5,80,28033,"DeSoto, MS"
"Memphis, TN-MS-AR",09apr2020,.4768413,.5,80,28093,"Marshall, MS"
"Memphis, TN-MS-AR",09apr2020,.4768413,.5,80,28137,"Tate, MS"
"Memphis, TN-MS-AR",09apr2020,.4768413,.5,80,28143,"Tunica, MS"
"Memphis, TN-MS-AR",09apr2020,.4768413,.5,80,47047,"Fayette, TN"
"Memphis, TN-MS-AR",09apr2020,.4768413,.5,80,47157,"Shelby, TN"
"Memphis, TN-MS-AR",09apr2020,.4768413,.5,80,47167,"Tipton, TN"
"Merced, CA",09apr2020,.2962963,,80,06047,"Merced, CA"
"Miami-Fort Lauderdale-West Palm Beach, FL",09apr2020,.45720196,.46846846,80,12011,"Broward, FL"
"Miami-Fort Lauderdale-West Palm Beach, FL",09apr2020,.45720196,.46846846,80,12086,"Miami-Dade, FL"
"Miami-Fort Lauderdale-West Palm Beach, FL",09apr2020,.45720196,.46846846,80,12099,"Palm Beach, FL"
"Michigan City-La Porte, IN",09apr2020,.87931037,.5,80,18091,"LaPorte, IN"
"Midland, MI",09apr2020,.5,1,80,26111,"Midland, MI"
"Midland, TX",09apr2020,.86486489,.66666669,80,48317,"Martin, TX"
"Midland, TX",09apr2020,.86486489,.66666669,80,48329,"Midland, TX"
"Milwaukee-Waukesha-West Allis, WI",09apr2020,.4741967,.45555556,80,55079,"Milwaukee, WI"
"Milwaukee-Waukesha-West Allis, WI",09apr2020,.4741967,.45555556,80,55089,"Ozaukee, WI"
"Milwaukee-Waukesha-West Allis, WI",09apr2020,.4741967,.45555556,80,55131,"Washington, WI"
"Milwaukee-Waukesha-West Allis, WI",09apr2020,.4741967,.45555556,80,55133,"Waukesha, WI"
"Minneapolis-St. Paul-Bloomington, MN-WI",09apr2020,.55480117,.68141592,80,27003,"Anoka, MN"
"Minneapolis-St. Paul-Bloomington, MN-WI",09apr2020,.55480117,.68141592,80,27019,"Carver, MN"
"Minneapolis-St. Paul-Bloomington, MN-WI",09apr2020,.55480117,.68141592,80,27025,"Chisago, MN"
"Minneapolis-St. Paul-Bloomington, MN-WI",09apr2020,.55480117,.68141592,80,27037,"Dakota, MN"
"Minneapolis-St. Paul-Bloomington, MN-WI",09apr2020,.55480117,.68141592,80,27053,"Hennepin, MN"
"Minneapolis-St. Paul-Bloomington, MN-WI",09apr2020,.55480117,.68141592,80,27059,"Isanti, MN"
"Minneapolis-St. Paul-Bloomington, MN-WI",09apr2020,.55480117,.68141592,80,27079,"Le Sueur, MN"
"Minneapolis-St. Paul-Bloomington, MN-WI",09apr2020,.55480117,.68141592,80,27095,"Mille Lacs, MN"
"Minneapolis-St. Paul-Bloomington, MN-WI",09apr2020,.55480117,.68141592,80,27123,"Ramsey, MN"
"Minneapolis-St. Paul-Bloomington, MN-WI",09apr2020,.55480117,.68141592,80,27139,"Scott, MN"
"Minneapolis-St. Paul-Bloomington, MN-WI",09apr2020,.55480117,.68141592,80,27141,"Sherburne, MN"
"Minneapolis-St. Paul-Bloomington, MN-WI",09apr2020,.55480117,.68141592,80,27143,"Sibley, MN"
"Minneapolis-St. Paul-Bloomington, MN-WI",09apr2020,.55480117,.68141592,80,27163,"Washington, MN"
"Minneapolis-St. Paul-Bloomington, MN-WI",09apr2020,.55480117,.68141592,80,27171,"Wright, MN"
"Minneapolis-St. Paul-Bloomington, MN-WI",09apr2020,.55480117,.68141592,80,55093,"Pierce, WI"
"Minneapolis-St. Paul-Bloomington, MN-WI",09apr2020,.55480117,.68141592,80,55109,"St. Croix, WI"
"Missoula, MT",09apr2020,.64285713,,80,30063,"Missoula, MT"
"Mobile, AL",09apr2020,.3882353,.625,80,01097,"Mobile, AL"
"Modesto, CA",09apr2020,.47435898,,80,06099,"Stanislaus, CA"
"Monroe, LA",09apr2020,.51987767,.53846157,80,22073,"Ouachita, LA"
"Monroe, LA",09apr2020,.51987767,.53846157,80,22111,"Union, LA"
"Monroe, MI",09apr2020,.37894738,,80,26115,"Monroe, MI"
"Montgomery, AL",09apr2020,.39923954,.5714286,80,01001,"Autauga, AL"
"Montgomery, AL",09apr2020,.39923954,.5714286,80,01051,"Elmore, AL"
"Montgomery, AL",09apr2020,.39923954,.5714286,80,01085,"Lowndes, AL"
"Montgomery, AL",09apr2020,.39923954,.5714286,80,01101,"Montgomery, AL"
"Morgantown, WV",09apr2020,.51999998,.25,80,54061,"Monongalia, WV"
"Morgantown, WV",09apr2020,.51999998,.25,80,54077,"Preston, WV"
"Morristown, TN",09apr2020,.5625,,80,47063,"Hamblen, TN"
"Morristown, TN",09apr2020,.5625,,80,47089,"Jefferson, TN"
"Mount Vernon-Anacortes, WA",09apr2020,.60784316,.75,80,53057,"Skagit, WA"
"Muncie, IN",09apr2020,.58666664,.625,80,18035,"Delaware, IN"
"Muskegon, MI",09apr2020,.61068702,.85714287,80,26121,"Muskegon, MI"
"Myrtle Beach-Conway-North Myrtle Beach, SC-NC",09apr2020,.40952381,.66666669,80,37019,"Brunswick, NC"
"Myrtle Beach-Conway-North Myrtle Beach, SC-NC",09apr2020,.40952381,.66666669,80,45051,"Horry, SC"
"Napa, CA",09apr2020,.59375,,80,06055,"Napa, CA"
"Naples-Immokalee-Marco Island, FL",09apr2020,.43283582,.71428573,80,12021,"Collier, FL"
"Nashville-Davidson--Murfreesboro--Franklin, TN",09apr2020,.53598356,.31428573,80,47015,"Cannon, TN"
"Nashville-Davidson--Murfreesboro--Franklin, TN",09apr2020,.53598356,.31428573,80,47021,"Cheatham, TN"
"Nashville-Davidson--Murfreesboro--Franklin, TN",09apr2020,.53598356,.31428573,80,47037,"Davidson, TN"
"Nashville-Davidson--Murfreesboro--Franklin, TN",09apr2020,.53598356,.31428573,80,47043,"Dickson, TN"
"Nashville-Davidson--Murfreesboro--Franklin, TN",09apr2020,.53598356,.31428573,80,47081,"Hickman, TN"
"Nashville-Davidson--Murfreesboro--Franklin, TN",09apr2020,.53598356,.31428573,80,47111,"Macon, TN"
"Nashville-Davidson--Murfreesboro--Franklin, TN",09apr2020,.53598356,.31428573,80,47119,"Maury, TN"
"Nashville-Davidson--Murfreesboro--Franklin, TN",09apr2020,.53598356,.31428573,80,47147,"Robertson, TN"
"Nashville-Davidson--Murfreesboro--Franklin, TN",09apr2020,.53598356,.31428573,80,47149,"Rutherford, TN"
"Nashville-Davidson--Murfreesboro--Franklin, TN",09apr2020,.53598356,.31428573,80,47159,"Smith, TN"
"Nashville-Davidson--Murfreesboro--Franklin, TN",09apr2020,.53598356,.31428573,80,47165,"Sumner, TN"
"Nashville-Davidson--Murfreesboro--Franklin, TN",09apr2020,.53598356,.31428573,80,47169,"Trousdale, TN"
"Nashville-Davidson--Murfreesboro--Franklin, TN",09apr2020,.53598356,.31428573,80,47187,"Williamson, TN"
"Nashville-Davidson--Murfreesboro--Franklin, TN",09apr2020,.53598356,.31428573,80,47189,"Wilson, TN"
"New Bern, NC",09apr2020,.20689656,,80,37049,"Craven, NC"
"New Bern, NC",09apr2020,.20689656,,80,37103,"Jones, NC"
"New Bern, NC",09apr2020,.20689656,,80,37137,"Pamlico, NC"
"New Haven-Milford, CT",09apr2020,.53103983,.54545456,80,09009,"New Haven, CT"
"New Orleans-Metairie, LA",09apr2020,.3699187,.41920376,80,22051,"Jefferson, LA"
"New Orleans-Metairie, LA",09apr2020,.3699187,.41920376,80,22071,"Orleans, LA"
"New Orleans-Metairie, LA",09apr2020,.3699187,.41920376,80,22075,"Plaquemines, LA"
"New Orleans-Metairie, LA",09apr2020,.3699187,.41920376,80,22087,"St. Bernard, LA"
"New Orleans-Metairie, LA",09apr2020,.3699187,.41920376,80,22089,"St. Charles, LA"
"New Orleans-Metairie, LA",09apr2020,.3699187,.41920376,80,22093,"St. James, LA"
"New Orleans-Metairie, LA",09apr2020,.3699187,.41920376,80,22095,"St. John the Baptist, LA"
"New Orleans-Metairie, LA",09apr2020,.3699187,.41920376,80,22103,"St. Tammany, LA"
"New York-Newark-Jersey City, NY-NJ-PA",09apr2020,.43155637,.43526229,80,34003,"Bergen, NJ"
"New York-Newark-Jersey City, NY-NJ-PA",09apr2020,.43155637,.43526229,80,34013,"Essex, NJ"
"New York-Newark-Jersey City, NY-NJ-PA",09apr2020,.43155637,.43526229,80,34017,"Hudson, NJ"
"New York-Newark-Jersey City, NY-NJ-PA",09apr2020,.43155637,.43526229,80,34019,"Hunterdon, NJ"
"New York-Newark-Jersey City, NY-NJ-PA",09apr2020,.43155637,.43526229,80,34023,"Middlesex, NJ"
"New York-Newark-Jersey City, NY-NJ-PA",09apr2020,.43155637,.43526229,80,34025,"Monmouth, NJ"
"New York-Newark-Jersey City, NY-NJ-PA",09apr2020,.43155637,.43526229,80,34027,"Morris, NJ"
"New York-Newark-Jersey City, NY-NJ-PA",09apr2020,.43155637,.43526229,80,34029,"Ocean, NJ"
"New York-Newark-Jersey City, NY-NJ-PA",09apr2020,.43155637,.43526229,80,34031,"Passaic, NJ"
"New York-Newark-Jersey City, NY-NJ-PA",09apr2020,.43155637,.43526229,80,34035,"Somerset, NJ"
"New York-Newark-Jersey City, NY-NJ-PA",09apr2020,.43155637,.43526229,80,34037,"Sussex, NJ"
"New York-Newark-Jersey City, NY-NJ-PA",09apr2020,.43155637,.43526229,80,34039,"Union, NJ"
"New York-Newark-Jersey City, NY-NJ-PA",09apr2020,.43155637,.43526229,80,36005,"Bronx, NY"
"New York-Newark-Jersey City, NY-NJ-PA",09apr2020,.43155637,.43526229,80,36027,"Dutchess, NY"
"New York-Newark-Jersey City, NY-NJ-PA",09apr2020,.43155637,.43526229,80,36047,"Kings, NY"
"New York-Newark-Jersey City, NY-NJ-PA",09apr2020,.43155637,.43526229,80,36059,"Nassau, NY"
"New York-Newark-Jersey City, NY-NJ-PA",09apr2020,.43155637,.43526229,80,36061,"New York, NY"
"New York-Newark-Jersey City, NY-NJ-PA",09apr2020,.43155637,.43526229,80,36071,"Orange, NY"
"New York-Newark-Jersey City, NY-NJ-PA",09apr2020,.43155637,.43526229,80,36079,"Putnam, NY"
"New York-Newark-Jersey City, NY-NJ-PA",09apr2020,.43155637,.43526229,80,36081,"Queens, NY"
"New York-Newark-Jersey City, NY-NJ-PA",09apr2020,.43155637,.43526229,80,36085,"Richmond, NY"
"New York-Newark-Jersey City, NY-NJ-PA",09apr2020,.43155637,.43526229,80,36087,"Rockland, NY"
"New York-Newark-Jersey City, NY-NJ-PA",09apr2020,.43155637,.43526229,80,36103,"Suffolk, NY"
"New York-Newark-Jersey City, NY-NJ-PA",09apr2020,.43155637,.43526229,80,36119,"Westchester, NY"
"New York-Newark-Jersey City, NY-NJ-PA",09apr2020,.43155637,.43526229,80,42103,"Pike, PA"
"Niles-Benton Harbor, MI",09apr2020,.51428574,.44444445,80,26021,"Berrien, MI"
"North Port-Sarasota-Bradenton, FL",09apr2020,.55154639,.59183675,80,12081,"Manatee, FL"
"North Port-Sarasota-Bradenton, FL",09apr2020,.55154639,.59183675,80,12115,"Sarasota, FL"
"Norwich-New London, CT",09apr2020,.58122742,.77777779,80,09011,"New London, CT"
"Ocala, FL",09apr2020,.37096775,0,80,12083,"Marion, FL"
"Ocean City, NJ",09apr2020,.38582677,.46153846,80,34009,"Cape May, NJ"
"Odessa, TX",09apr2020,.4375,,80,48135,"Ector, TX"
"Ogden-Clearfield, UT",09apr2020,.4217687,1,80,49003,"Box Elder, UT"
"Ogden-Clearfield, UT",09apr2020,.4217687,1,80,49011,"Davis, UT"
"Ogden-Clearfield, UT",09apr2020,.4217687,1,80,49029,"Morgan, UT"
"Ogden-Clearfield, UT",09apr2020,.4217687,1,80,49057,"Weber, UT"
"Oklahoma City, OK",09apr2020,.46168584,.36363637,80,40017,"Canadian, OK"
"Oklahoma City, OK",09apr2020,.46168584,.36363637,80,40027,"Cleveland, OK"
"Oklahoma City, OK",09apr2020,.46168584,.36363637,80,40051,"Grady, OK"
"Oklahoma City, OK",09apr2020,.46168584,.36363637,80,40081,"Lincoln, OK"
"Oklahoma City, OK",09apr2020,.46168584,.36363637,80,40083,"Logan, OK"
"Oklahoma City, OK",09apr2020,.46168584,.36363637,80,40087,"McClain, OK"
"Oklahoma City, OK",09apr2020,.46168584,.36363637,80,40109,"Oklahoma, OK"
"Olympia-Tumwater, WA",09apr2020,.72222221,,80,53067,"Thurston, WA"
"Omaha-Council Bluffs, NE-IA",09apr2020,.42857143,.54545456,80,19085,"Harrison, IA"
"Omaha-Council Bluffs, NE-IA",09apr2020,.42857143,.54545456,80,19129,"Mills, IA"
"Omaha-Council Bluffs, NE-IA",09apr2020,.42857143,.54545456,80,19155,"Pottawattamie, IA"
"Omaha-Council Bluffs, NE-IA",09apr2020,.42857143,.54545456,80,31025,"Cass, NE"
"Omaha-Council Bluffs, NE-IA",09apr2020,.42857143,.54545456,80,31055,"Douglas, NE"
"Omaha-Council Bluffs, NE-IA",09apr2020,.42857143,.54545456,80,31153,"Sarpy, NE"
"Omaha-Council Bluffs, NE-IA",09apr2020,.42857143,.54545456,80,31155,"Saunders, NE"
"Omaha-Council Bluffs, NE-IA",09apr2020,.42857143,.54545456,80,31177,"Washington, NE"
"Orlando-Kissimmee-Sanford, FL",09apr2020,.42049935,.55172414,80,12069,"Lake, FL"
"Orlando-Kissimmee-Sanford, FL",09apr2020,.42049935,.55172414,80,12095,"Orange, FL"
"Orlando-Kissimmee-Sanford, FL",09apr2020,.42049935,.55172414,80,12097,"Osceola, FL"
"Orlando-Kissimmee-Sanford, FL",09apr2020,.42049935,.55172414,80,12117,"Seminole, FL"
"Oshkosh-Neenah, WI",09apr2020,.64999998,,80,55139,"Winnebago, WI"
"Owensboro, KY",09apr2020,.54651165,0,80,21059,"Daviess, KY"
"Owensboro, KY",09apr2020,.54651165,0,80,21091,"Hancock, KY"
"Owensboro, KY",09apr2020,.54651165,0,80,21149,"McLean, KY"
"Oxnard-Thousand Oaks-Ventura, CA",09apr2020,.45744681,.14285715,80,06111,"Ventura, CA"
"Palm Bay-Melbourne-Titusville, FL",09apr2020,.43333334,.2,80,12009,"Brevard, FL"
"Panama City, FL",09apr2020,.625,0,80,12005,"Bay, FL"
"Panama City, FL",09apr2020,.625,0,80,12045,"Gulf, FL"
"Parkersburg-Vienna, WV",09apr2020,.40000001,,80,54105,"Wirt, WV"
"Parkersburg-Vienna, WV",09apr2020,.40000001,,80,54107,"Wood, WV"
"Pensacola-Ferry Pass-Brent, FL",09apr2020,.60000002,.72727275,80,12033,"Escambia, FL"
"Pensacola-Ferry Pass-Brent, FL",09apr2020,.60000002,.72727275,80,12113,"Santa Rosa, FL"
"Peoria, IL",09apr2020,.56666666,.66666669,80,17123,"Marshall, IL"
"Peoria, IL",09apr2020,.56666666,.66666669,80,17143,"Peoria, IL"
"Peoria, IL",09apr2020,.56666666,.66666669,80,17175,"Stark, IL"
"Peoria, IL",09apr2020,.56666666,.66666669,80,17179,"Tazewell, IL"
"Peoria, IL",09apr2020,.56666666,.66666669,80,17203,"Woodford, IL"
"Philadelphia-Camden-Wilmington, PA-NJ-DE-MD",09apr2020,.5168733,.60330576,80,10003,"New Castle, DE"
"Philadelphia-Camden-Wilmington, PA-NJ-DE-MD",09apr2020,.5168733,.60330576,80,24015,"Cecil, MD"
"Philadelphia-Camden-Wilmington, PA-NJ-DE-MD",09apr2020,.5168733,.60330576,80,34005,"Burlington, NJ"
"Philadelphia-Camden-Wilmington, PA-NJ-DE-MD",09apr2020,.5168733,.60330576,80,34007,"Camden, NJ"
"Philadelphia-Camden-Wilmington, PA-NJ-DE-MD",09apr2020,.5168733,.60330576,80,34015,"Gloucester, NJ"
"Philadelphia-Camden-Wilmington, PA-NJ-DE-MD",09apr2020,.5168733,.60330576,80,34033,"Salem, NJ"
"Philadelphia-Camden-Wilmington, PA-NJ-DE-MD",09apr2020,.5168733,.60330576,80,42017,"Bucks, PA"
"Philadelphia-Camden-Wilmington, PA-NJ-DE-MD",09apr2020,.5168733,.60330576,80,42029,"Chester, PA"
"Philadelphia-Camden-Wilmington, PA-NJ-DE-MD",09apr2020,.5168733,.60330576,80,42045,"Delaware, PA"
"Philadelphia-Camden-Wilmington, PA-NJ-DE-MD",09apr2020,.5168733,.60330576,80,42091,"Montgomery, PA"
"Philadelphia-Camden-Wilmington, PA-NJ-DE-MD",09apr2020,.5168733,.60330576,80,42101,"Philadelphia, PA"
"Phoenix-Mesa-Scottsdale, AZ",09apr2020,.55394191,.58823532,80,04013,"Maricopa, AZ"
"Phoenix-Mesa-Scottsdale, AZ",09apr2020,.55394191,.58823532,80,04021,"Pinal, AZ"
"Pine Bluff, AR",09apr2020,.86799276,.16666667,80,05025,"Cleveland, AR"
"Pine Bluff, AR",09apr2020,.86799276,.16666667,80,05069,"Jefferson, AR"
"Pine Bluff, AR",09apr2020,.86799276,.16666667,80,05079,"Lincoln, AR"
"Pittsburgh, PA",09apr2020,.56683171,.69172931,80,42003,"Allegheny, PA"
"Pittsburgh, PA",09apr2020,.56683171,.69172931,80,42005,"Armstrong, PA"
"Pittsburgh, PA",09apr2020,.56683171,.69172931,80,42007,"Beaver, PA"
"Pittsburgh, PA",09apr2020,.56683171,.69172931,80,42019,"Butler, PA"
"Pittsburgh, PA",09apr2020,.56683171,.69172931,80,42051,"Fayette, PA"
"Pittsburgh, PA",09apr2020,.56683171,.69172931,80,42125,"Washington, PA"
"Pittsburgh, PA",09apr2020,.56683171,.69172931,80,42129,"Westmoreland, PA"
"Pittsfield, MA",09apr2020,.27642277,.75,80,25003,"Berkshire, MA"
"Pocatello, ID",09apr2020,0,,80,16005,"Bannock, ID"
"Port St. Lucie, FL",09apr2020,.42748091,.61538464,80,12085,"Martin, FL"
"Port St. Lucie, FL",09apr2020,.42748091,.61538464,80,12111,"St. Lucie, FL"
"Portland-South Portland, ME",09apr2020,.43283582,.5,80,23005,"Cumberland, ME"
"Portland-South Portland, ME",09apr2020,.43283582,.5,80,23023,"Sagadahoc, ME"
"Portland-South Portland, ME",09apr2020,.43283582,.5,80,23031,"York, ME"
"Portland-Vancouver-Hillsboro, OR-WA",09apr2020,.47058824,.44827586,80,41005,"Clackamas, OR"
"Portland-Vancouver-Hillsboro, OR-WA",09apr2020,.47058824,.44827586,80,41009,"Columbia, OR"
"Portland-Vancouver-Hillsboro, OR-WA",09apr2020,.47058824,.44827586,80,41051,"Multnomah, OR"
"Portland-Vancouver-Hillsboro, OR-WA",09apr2020,.47058824,.44827586,80,41067,"Washington, OR"
"Portland-Vancouver-Hillsboro, OR-WA",09apr2020,.47058824,.44827586,80,41071,"Yamhill, OR"
"Portland-Vancouver-Hillsboro, OR-WA",09apr2020,.47058824,.44827586,80,53011,"Clark, WA"
"Portland-Vancouver-Hillsboro, OR-WA",09apr2020,.47058824,.44827586,80,53059,"Skamania, WA"
"Prescott, AZ",09apr2020,.40000001,,80,04025,"Yavapai, AZ"
"Providence-Warwick, RI-MA",09apr2020,.54411763,.5925926,80,25005,"Bristol, MA"
"Providence-Warwick, RI-MA",09apr2020,.54411763,.5925926,80,44001,"Bristol, RI"
"Providence-Warwick, RI-MA",09apr2020,.54411763,.5925926,80,44003,"Kent, RI"
"Providence-Warwick, RI-MA",09apr2020,.54411763,.5925926,80,44005,"Newport, RI"
"Providence-Warwick, RI-MA",09apr2020,.54411763,.5925926,80,44007,"Providence, RI"
"Providence-Warwick, RI-MA",09apr2020,.54411763,.5925926,80,44009,"Washington, RI"
"Provo-Orem, UT",09apr2020,.72131145,,80,49023,"Juab, UT"
"Provo-Orem, UT",09apr2020,.72131145,,80,49049,"Utah, UT"
"Pueblo, CO",09apr2020,.63934427,.75,80,08101,"Pueblo, CO"
"Punta Gorda, FL",09apr2020,.33333334,.5,80,12015,"Charlotte, FL"
"Racine, WI",09apr2020,.49586776,.5,80,55101,"Racine, WI"
"Raleigh, NC",09apr2020,.34840426,.65517241,80,37069,"Franklin, NC"
"Raleigh, NC",09apr2020,.34840426,.65517241,80,37101,"Johnston, NC"
"Raleigh, NC",09apr2020,.34840426,.65517241,80,37183,"Wake, NC"
"Rapid City, SD",09apr2020,.40000001,,80,46033,"Custer, SD"
"Rapid City, SD",09apr2020,.40000001,,80,46093,"Meade, SD"
"Rapid City, SD",09apr2020,.40000001,,80,46103,"Pennington, SD"
"Reading, PA",09apr2020,.44404113,.73076922,80,42011,"Berks, PA"
"Redding, CA",09apr2020,.66666669,,80,06089,"Shasta, CA"
"Reno, NV",09apr2020,.41927084,.53846157,80,32029,"Storey, NV"
"Reno, NV",09apr2020,.41927084,.53846157,80,32031,"Washoe, NV"
"Richmond, VA",09apr2020,.5554415,.71604937,80,51007,"Amelia, VA"
"Richmond, VA",09apr2020,.5554415,.71604937,80,51033,"Caroline, VA"
"Richmond, VA",09apr2020,.5554415,.71604937,80,51036,"Charles City, VA"
"Richmond, VA",09apr2020,.5554415,.71604937,80,51041,"Chesterfield, VA"
"Richmond, VA",09apr2020,.5554415,.71604937,80,51053,"Dinwiddie, VA"
"Richmond, VA",09apr2020,.5554415,.71604937,80,51075,"Goochland, VA"
"Richmond, VA",09apr2020,.5554415,.71604937,80,51085,"Hanover, VA"
"Richmond, VA",09apr2020,.5554415,.71604937,80,51087,"Henrico, VA"
"Richmond, VA",09apr2020,.5554415,.71604937,80,51101,"King William, VA"
"Richmond, VA",09apr2020,.5554415,.71604937,80,51127,"New Kent, VA"
"Richmond, VA",09apr2020,.5554415,.71604937,80,51145,"Powhatan, VA"
"Richmond, VA",09apr2020,.5554415,.71604937,80,51149,"Prince George, VA"
"Richmond, VA",09apr2020,.5554415,.71604937,80,51183,"Sussex, VA"
"Richmond, VA",09apr2020,.5554415,.71604937,80,51570,"Colonial Heights city, VA"
"Richmond, VA",09apr2020,.5554415,.71604937,80,51670,"Hopewell city, VA"
"Richmond, VA",09apr2020,.5554415,.71604937,80,51730,"Petersburg city, VA"
"Richmond, VA",09apr2020,.5554415,.71604937,80,51760,"Richmond city, VA"
"Riverside-San Bernardino-Ontario, CA",09apr2020,.53468943,.64035088,80,06065,"Riverside, CA"
"Riverside-San Bernardino-Ontario, CA",09apr2020,.53468943,.64035088,80,06071,"San Bernardino, CA"
"Roanoke, VA",09apr2020,.5272727,,80,51023,"Botetourt, VA"
"Roanoke, VA",09apr2020,.5272727,,80,51045,"Craig, VA"
"Roanoke, VA",09apr2020,.5272727,,80,51067,"Franklin, VA"
"Roanoke, VA",09apr2020,.5272727,,80,51161,"Roanoke, VA"
"Roanoke, VA",09apr2020,.5272727,,80,51770,"Roanoke city, VA"
"Roanoke, VA",09apr2020,.5272727,,80,51775,"Salem city, VA"
"Rochester, MN",09apr2020,.52884614,1,80,27039,"Dodge, MN"
"Rochester, MN",09apr2020,.52884614,1,80,27045,"Fillmore, MN"
"Rochester, MN",09apr2020,.52884614,1,80,27109,"Olmsted, MN"
"Rochester, MN",09apr2020,.52884614,1,80,27157,"Wabasha, MN"
"Rochester, NY",09apr2020,.49119717,.53846157,80,36051,"Livingston, NY"
"Rochester, NY",09apr2020,.49119717,.53846157,80,36055,"Monroe, NY"
"Rochester, NY",09apr2020,.49119717,.53846157,80,36069,"Ontario, NY"
"Rochester, NY",09apr2020,.49119717,.53846157,80,36073,"Orleans, NY"
"Rochester, NY",09apr2020,.49119717,.53846157,80,36117,"Wayne, NY"
"Rochester, NY",09apr2020,.49119717,.53846157,80,36123,"Yates, NY"
"Rockford, IL",09apr2020,.68899524,.5,80,17007,"Boone, IL"
"Rockford, IL",09apr2020,.68899524,.5,80,17201,"Winnebago, IL"
"Rocky Mount, NC",09apr2020,.60215056,0,80,37065,"Edgecombe, NC"
"Rocky Mount, NC",09apr2020,.60215056,0,80,37127,"Nash, NC"
"Rome, GA",09apr2020,.28125,.5,80,13115,"Floyd, GA"
"Sacramento--Roseville--Arden-Arcade, CA",09apr2020,.32071713,.37037036,80,06017,"El Dorado, CA"
"Sacramento--Roseville--Arden-Arcade, CA",09apr2020,.32071713,.37037036,80,06061,"Placer, CA"
"Sacramento--Roseville--Arden-Arcade, CA",09apr2020,.32071713,.37037036,80,06067,"Sacramento, CA"
"Sacramento--Roseville--Arden-Arcade, CA",09apr2020,.32071713,.37037036,80,06113,"Yolo, CA"
"Saginaw, MI",09apr2020,.55902779,.55172414,80,26145,"Saginaw, MI"
"Salem, OR",09apr2020,.55428571,.80000001,80,41047,"Marion, OR"
"Salem, OR",09apr2020,.55428571,.80000001,80,41053,"Polk, OR"
"Salinas, CA",09apr2020,.5411765,.5,80,06053,"Monterey, CA"
"Salisbury, MD-DE",09apr2020,.62012988,.625,80,10005,"Sussex, DE"
"Salisbury, MD-DE",09apr2020,.62012988,.625,80,24039,"Somerset, MD"
"Salisbury, MD-DE",09apr2020,.62012988,.625,80,24045,"Wicomico, MD"
"Salisbury, MD-DE",09apr2020,.62012988,.625,80,24047,"Worcester, MD"
"Salt Lake City, UT",09apr2020,.54439747,1,80,49035,"Salt Lake, UT"
"Salt Lake City, UT",09apr2020,.54439747,1,80,49045,"Tooele, UT"
"San Angelo, TX",09apr2020,.11764706,,80,48235,"Irion, TX"
"San Angelo, TX",09apr2020,.11764706,,80,48451,"Tom Green, TX"
"San Antonio-New Braunfels, TX",09apr2020,.3815029,.1724138,80,48013,"Atascosa, TX"
"San Antonio-New Braunfels, TX",09apr2020,.3815029,.1724138,80,48019,"Bandera, TX"
"San Antonio-New Braunfels, TX",09apr2020,.3815029,.1724138,80,48029,"Bexar, TX"
"San Antonio-New Braunfels, TX",09apr2020,.3815029,.1724138,80,48091,"Comal, TX"
"San Antonio-New Braunfels, TX",09apr2020,.3815029,.1724138,80,48187,"Guadalupe, TX"
"San Antonio-New Braunfels, TX",09apr2020,.3815029,.1724138,80,48259,"Kendall, TX"
"San Antonio-New Braunfels, TX",09apr2020,.3815029,.1724138,80,48325,"Medina, TX"
"San Antonio-New Braunfels, TX",09apr2020,.3815029,.1724138,80,48493,"Wilson, TX"
"San Diego-Carlsbad, CA",09apr2020,.49843913,.60000002,80,06073,"San Diego, CA"
"San Francisco-Oakland-Hayward, CA",09apr2020,.47029704,.43055555,80,06001,"Alameda, CA"
"San Francisco-Oakland-Hayward, CA",09apr2020,.47029704,.43055555,80,06013,"Contra Costa, CA"
"San Francisco-Oakland-Hayward, CA",09apr2020,.47029704,.43055555,80,06041,"Marin, CA"
"San Francisco-Oakland-Hayward, CA",09apr2020,.47029704,.43055555,80,06075,"San Francisco, CA"
"San Francisco-Oakland-Hayward, CA",09apr2020,.47029704,.43055555,80,06081,"San Mateo, CA"
"San Jose-Sunnyvale-Santa Clara, CA",09apr2020,.29243699,.60416669,80,06069,"San Benito, CA"
"San Jose-Sunnyvale-Santa Clara, CA",09apr2020,.29243699,.60416669,80,06085,"Santa Clara, CA"
"San Luis Obispo-Paso Robles-Arroyo Grande, CA",09apr2020,.44999999,,80,06079,"San Luis Obispo, CA"
"Santa Cruz-Watsonville, CA",09apr2020,.42857143,0,80,06087,"Santa Cruz, CA"
"Santa Fe, NM",09apr2020,.60000002,,80,35049,"Santa Fe, NM"
"Santa Maria-Santa Barbara, CA",09apr2020,.5,1,80,06083,"Santa Barbara, CA"
"Santa Rosa, CA",09apr2020,.43661973,0,80,06097,"Sonoma, CA"
"Savannah, GA",09apr2020,.5,.5,80,13029,"Bryan, GA"
"Savannah, GA",09apr2020,.5,.5,80,13051,"Chatham, GA"
"Savannah, GA",09apr2020,.5,.5,80,13103,"Effingham, GA"
"Scranton--Wilkes-Barre--Hazleton, PA",09apr2020,.38528895,.67010307,80,42069,"Lackawanna, PA"
"Scranton--Wilkes-Barre--Hazleton, PA",09apr2020,.38528895,.67010307,80,42079,"Luzerne, PA"
"Scranton--Wilkes-Barre--Hazleton, PA",09apr2020,.38528895,.67010307,80,42131,"Wyoming, PA"
"Seattle-Tacoma-Bellevue, WA",09apr2020,.43828067,.49489796,80,53033,"King, WA"
"Seattle-Tacoma-Bellevue, WA",09apr2020,.43828067,.49489796,80,53053,"Pierce, WA"
"Seattle-Tacoma-Bellevue, WA",09apr2020,.43828067,.49489796,80,53061,"Snohomish, WA"
"Sebastian-Vero Beach, FL",09apr2020,.34999999,,80,12061,"Indian River, FL"
"Sebring, FL",09apr2020,.25925925,.33333334,80,12055,"Highlands, FL"
"Sheboygan, WI",09apr2020,.53846157,,80,55117,"Sheboygan, WI"
"Sherman-Denison, TX",09apr2020,0,,80,48181,"Grayson, TX"
"Shreveport-Bossier City, LA",09apr2020,.40883979,.44444445,80,22015,"Bossier, LA"
"Shreveport-Bossier City, LA",09apr2020,.40883979,.44444445,80,22017,"Caddo, LA"
"Shreveport-Bossier City, LA",09apr2020,.40883979,.44444445,80,22031,"De Soto, LA"
"Shreveport-Bossier City, LA",09apr2020,.40883979,.44444445,80,22119,"Webster, LA"
"Sierra Vista-Douglas, AZ",09apr2020,.69565219,,80,04003,"Cochise, AZ"
"Sioux City, IA-NE-SD",09apr2020,.92432433,,80,19149,"Plymouth, IA"
"Sioux City, IA-NE-SD",09apr2020,.92432433,,80,19193,"Woodbury, IA"
"Sioux City, IA-NE-SD",09apr2020,.92432433,,80,31043,"Dakota, NE"
"Sioux City, IA-NE-SD",09apr2020,.92432433,,80,31051,"Dixon, NE"
"Sioux City, IA-NE-SD",09apr2020,.92432433,,80,46127,"Union, SD"
"Sioux Falls, SD",09apr2020,.47259787,,80,46083,"Lincoln, SD"
"Sioux Falls, SD",09apr2020,.47259787,,80,46087,"McCook, SD"
"Sioux Falls, SD",09apr2020,.47259787,,80,46099,"Minnehaha, SD"
"Sioux Falls, SD",09apr2020,.47259787,,80,46125,"Turner, SD"
"South Bend-Mishawaka, IN-MI",09apr2020,.5736196,.55555558,80,18141,"St. Joseph, IN"
"South Bend-Mishawaka, IN-MI",09apr2020,.5736196,.55555558,80,26027,"Cass, MI"
"Spartanburg, SC",09apr2020,.33944955,.66666669,80,45083,"Spartanburg, SC"
"Spartanburg, SC",09apr2020,.33944955,.66666669,80,45087,"Union, SC"
"Spokane-Spokane Valley, WA",09apr2020,.3548387,.2857143,80,53051,"Pend Oreille, WA"
"Spokane-Spokane Valley, WA",09apr2020,.3548387,.2857143,80,53063,"Spokane, WA"
"Spokane-Spokane Valley, WA",09apr2020,.3548387,.2857143,80,53065,"Stevens, WA"
"Springfield, IL",09apr2020,.55263156,.66666669,80,17129,"Menard, IL"
"Springfield, IL",09apr2020,.55263156,.66666669,80,17167,"Sangamon, IL"
"Springfield, MA",09apr2020,.50562429,.57798165,80,25013,"Hampden, MA"
"Springfield, MA",09apr2020,.50562429,.57798165,80,25015,"Hampshire, MA"
"Springfield, MO",09apr2020,.53846157,0,80,29043,"Christian, MO"
"Springfield, MO",09apr2020,.53846157,0,80,29059,"Dallas, MO"
"Springfield, MO",09apr2020,.53846157,0,80,29077,"Greene, MO"
"Springfield, MO",09apr2020,.53846157,0,80,29167,"Polk, MO"
"Springfield, MO",09apr2020,.53846157,0,80,29225,"Webster, MO"
"Springfield, OH",09apr2020,.5,,80,39023,"Clark, OH"
"St. Cloud, MN",09apr2020,1,,80,27009,"Benton, MN"
"St. Cloud, MN",09apr2020,1,,80,27145,"Stearns, MN"
"St. George, UT",09apr2020,.42857143,,80,49053,"Washington, UT"
"St. Joseph, MO-KS",09apr2020,.47826087,,80,20043,"Doniphan, KS"
"St. Joseph, MO-KS",09apr2020,.47826087,,80,29003,"Andrew, MO"
"St. Joseph, MO-KS",09apr2020,.47826087,,80,29021,"Buchanan, MO"
"St. Joseph, MO-KS",09apr2020,.47826087,,80,29063,"DeKalb, MO"
"St. Louis, MO-IL",09apr2020,.45207733,.55414015,80,17005,"Bond, IL"
"St. Louis, MO-IL",09apr2020,.45207733,.55414015,80,17013,"Calhoun, IL"
"St. Louis, MO-IL",09apr2020,.45207733,.55414015,80,17027,"Clinton, IL"
"St. Louis, MO-IL",09apr2020,.45207733,.55414015,80,17083,"Jersey, IL"
"St. Louis, MO-IL",09apr2020,.45207733,.55414015,80,17117,"Macoupin, IL"
"St. Louis, MO-IL",09apr2020,.45207733,.55414015,80,17119,"Madison, IL"
"St. Louis, MO-IL",09apr2020,.45207733,.55414015,80,17133,"Monroe, IL"
"St. Louis, MO-IL",09apr2020,.45207733,.55414015,80,17163,"St. Clair, IL"
"St. Louis, MO-IL",09apr2020,.45207733,.55414015,80,29071,"Franklin, MO"
"St. Louis, MO-IL",09apr2020,.45207733,.55414015,80,29099,"Jefferson, MO"
"St. Louis, MO-IL",09apr2020,.45207733,.55414015,80,29113,"Lincoln, MO"
"St. Louis, MO-IL",09apr2020,.45207733,.55414015,80,29183,"St. Charles, MO"
"St. Louis, MO-IL",09apr2020,.45207733,.55414015,80,29189,"St. Louis, MO"
"St. Louis, MO-IL",09apr2020,.45207733,.55414015,80,29219,"Warren, MO"
"St. Louis, MO-IL",09apr2020,.45207733,.55414015,80,29510,"St. Louis city, MO"
"State College, PA",09apr2020,.25,,80,42027,"Centre, PA"
"Staunton-Waynesboro, VA",09apr2020,.6875,,80,51015,"Augusta, VA"
"Staunton-Waynesboro, VA",09apr2020,.6875,,80,51790,"Staunton city, VA"
"Staunton-Waynesboro, VA",09apr2020,.6875,,80,51820,"Waynesboro city, VA"
"Stockton-Lodi, CA",09apr2020,.45957446,.5,80,06077,"San Joaquin, CA"
"Sumter, SC",09apr2020,.50561798,.33333334,80,45085,"Sumter, SC"
"Syracuse, NY",09apr2020,.43367347,.71428573,80,36053,"Madison, NY"
"Syracuse, NY",09apr2020,.43367347,.71428573,80,36067,"Onondaga, NY"
"Syracuse, NY",09apr2020,.43367347,.71428573,80,36075,"Oswego, NY"
"Tallahassee, FL",09apr2020,.29166666,,80,12039,"Gadsden, FL"
"Tallahassee, FL",09apr2020,.29166666,,80,12065,"Jefferson, FL"
"Tallahassee, FL",09apr2020,.29166666,,80,12073,"Leon, FL"
"Tallahassee, FL",09apr2020,.29166666,,80,12129,"Wakulla, FL"
"Tampa-St. Petersburg-Clearwater, FL",09apr2020,.38904494,.31999999,80,12053,"Hernando, FL"
"Tampa-St. Petersburg-Clearwater, FL",09apr2020,.38904494,.31999999,80,12057,"Hillsborough, FL"
"Tampa-St. Petersburg-Clearwater, FL",09apr2020,.38904494,.31999999,80,12101,"Pasco, FL"
"Tampa-St. Petersburg-Clearwater, FL",09apr2020,.38904494,.31999999,80,12103,"Pinellas, FL"
"Terre Haute, IN",09apr2020,.63829786,.75,80,18021,"Clay, IN"
"Terre Haute, IN",09apr2020,.63829786,.75,80,18153,"Sullivan, IN"
"Terre Haute, IN",09apr2020,.63829786,.75,80,18165,"Vermillion, IN"
"Terre Haute, IN",09apr2020,.63829786,.75,80,18167,"Vigo, IN"
"Texarkana, TX-AR",09apr2020,.39393941,1,80,05081,"Little River, AR"
"Texarkana, TX-AR",09apr2020,.39393941,1,80,05091,"Miller, AR"
"Texarkana, TX-AR",09apr2020,.39393941,1,80,48037,"Bowie, TX"
"The Villages, FL",09apr2020,.68493152,0,80,12119,"Sumter, FL"
"Toledo, OH",09apr2020,.56499135,.61538464,80,39051,"Fulton, OH"
"Toledo, OH",09apr2020,.56499135,.61538464,80,39095,"Lucas, OH"
"Toledo, OH",09apr2020,.56499135,.61538464,80,39173,"Wood, OH"
"Topeka, KS",09apr2020,.375,0,80,20085,"Jackson, KS"
"Topeka, KS",09apr2020,.375,0,80,20087,"Jefferson, KS"
"Topeka, KS",09apr2020,.375,0,80,20139,"Osage, KS"
"Topeka, KS",09apr2020,.375,0,80,20177,"Shawnee, KS"
"Topeka, KS",09apr2020,.375,0,80,20197,"Wabaunsee, KS"
"Trenton, NJ",09apr2020,.53372908,.58974361,80,34021,"Mercer, NJ"
"Tucson, AZ",09apr2020,.53634578,.65384614,80,04019,"Pima, AZ"
"Tulsa, OK",09apr2020,.40766549,.42307693,80,40037,"Creek, OK"
"Tulsa, OK",09apr2020,.40766549,.42307693,80,40111,"Okmulgee, OK"
"Tulsa, OK",09apr2020,.40766549,.42307693,80,40113,"Osage, OK"
"Tulsa, OK",09apr2020,.40766549,.42307693,80,40117,"Pawnee, OK"
"Tulsa, OK",09apr2020,.40766549,.42307693,80,40131,"Rogers, OK"
"Tulsa, OK",09apr2020,.40766549,.42307693,80,40143,"Tulsa, OK"
"Tulsa, OK",09apr2020,.40766549,.42307693,80,40145,"Wagoner, OK"
"Tuscaloosa, AL",09apr2020,.5,,80,01065,"Hale, AL"
"Tuscaloosa, AL",09apr2020,.5,,80,01107,"Pickens, AL"
"Tuscaloosa, AL",09apr2020,.5,,80,01125,"Tuscaloosa, AL"
"Tyler, TX",09apr2020,.39534885,1,80,48423,"Smith, TX"
"Urban Honolulu, HI",09apr2020,.31666666,.33333334,80,15003,"Honolulu, HI"
"Utica-Rome, NY",09apr2020,.34517765,.66666669,80,36043,"Herkimer, NY"
"Utica-Rome, NY",09apr2020,.34517765,.66666669,80,36065,"Oneida, NY"
"Valdosta, GA",09apr2020,.67346936,.55555558,80,13027,"Brooks, GA"
"Valdosta, GA",09apr2020,.67346936,.55555558,80,13101,"Echols, GA"
"Valdosta, GA",09apr2020,.67346936,.55555558,80,13173,"Lanier, GA"
"Valdosta, GA",09apr2020,.67346936,.55555558,80,13185,"Lowndes, GA"
"Vallejo-Fairfield, CA",09apr2020,.57971013,1,80,06095,"Solano, CA"
"Victoria, TX",09apr2020,.2,,80,48175,"Goliad, TX"
"Victoria, TX",09apr2020,.2,,80,48469,"Victoria, TX"
"Vineland-Bridgeton, NJ",09apr2020,.56953645,.66666669,80,34011,"Cumberland, NJ"
"Virginia Beach-Norfolk-Newport News, VA-NC",09apr2020,.51712328,.75,80,37053,"Currituck, NC"
"Virginia Beach-Norfolk-Newport News, VA-NC",09apr2020,.51712328,.75,80,37073,"Gates, NC"
"Virginia Beach-Norfolk-Newport News, VA-NC",09apr2020,.51712328,.75,80,51073,"Gloucester, VA"
"Virginia Beach-Norfolk-Newport News, VA-NC",09apr2020,.51712328,.75,80,51093,"Isle of Wight, VA"
"Virginia Beach-Norfolk-Newport News, VA-NC",09apr2020,.51712328,.75,80,51095,"James City, VA"
"Virginia Beach-Norfolk-Newport News, VA-NC",09apr2020,.51712328,.75,80,51115,"Mathews, VA"
"Virginia Beach-Norfolk-Newport News, VA-NC",09apr2020,.51712328,.75,80,51199,"York, VA"
"Virginia Beach-Norfolk-Newport News, VA-NC",09apr2020,.51712328,.75,80,51550,"Chesapeake city, VA"
"Virginia Beach-Norfolk-Newport News, VA-NC",09apr2020,.51712328,.75,80,51650,"Hampton city, VA"
"Virginia Beach-Norfolk-Newport News, VA-NC",09apr2020,.51712328,.75,80,51700,"Newport News city, VA"
"Virginia Beach-Norfolk-Newport News, VA-NC",09apr2020,.51712328,.75,80,51710,"Norfolk city, VA"
"Virginia Beach-Norfolk-Newport News, VA-NC",09apr2020,.51712328,.75,80,51735,"Poquoson city, VA"
"Virginia Beach-Norfolk-Newport News, VA-NC",09apr2020,.51712328,.75,80,51740,"Portsmouth city, VA"
"Virginia Beach-Norfolk-Newport News, VA-NC",09apr2020,.51712328,.75,80,51800,"Suffolk city, VA"
"Virginia Beach-Norfolk-Newport News, VA-NC",09apr2020,.51712328,.75,80,51810,"Virginia Beach city, VA"
"Virginia Beach-Norfolk-Newport News, VA-NC",09apr2020,.51712328,.75,80,51830,"Williamsburg city, VA"
"Visalia-Porterville, CA",09apr2020,.32600734,.55555558,80,06107,"Tulare, CA"
"Waco, TX",09apr2020,.36842105,0,80,48145,"Falls, TX"
"Waco, TX",09apr2020,.36842105,0,80,48309,"McLennan, TX"
"Walla Walla, WA",09apr2020,.52631581,,80,53013,"Columbia, WA"
"Walla Walla, WA",09apr2020,.52631581,,80,53071,"Walla Walla, WA"
"Warner Robins, GA",09apr2020,.55652171,.5714286,80,13153,"Houston, GA"
"Warner Robins, GA",09apr2020,.55652171,.5714286,80,13225,"Peach, GA"
"Warner Robins, GA",09apr2020,.55652171,.5714286,80,13235,"Pulaski, GA"
"Washington-Arlington-Alexandria, DC-VA-MD-WV",09apr2020,.54624897,.60369611,80,11001,"District of Columbia, DC"
"Washington-Arlington-Alexandria, DC-VA-MD-WV",09apr2020,.54624897,.60369611,80,24009,"Calvert, MD"
"Washington-Arlington-Alexandria, DC-VA-MD-WV",09apr2020,.54624897,.60369611,80,24017,"Charles, MD"
"Washington-Arlington-Alexandria, DC-VA-MD-WV",09apr2020,.54624897,.60369611,80,24021,"Frederick, MD"
"Washington-Arlington-Alexandria, DC-VA-MD-WV",09apr2020,.54624897,.60369611,80,24031,"Montgomery, MD"
"Washington-Arlington-Alexandria, DC-VA-MD-WV",09apr2020,.54624897,.60369611,80,24033,"Prince George's, MD"
"Washington-Arlington-Alexandria, DC-VA-MD-WV",09apr2020,.54624897,.60369611,80,51013,"Arlington, VA"
"Washington-Arlington-Alexandria, DC-VA-MD-WV",09apr2020,.54624897,.60369611,80,51043,"Clarke, VA"
"Washington-Arlington-Alexandria, DC-VA-MD-WV",09apr2020,.54624897,.60369611,80,51047,"Culpeper, VA"
"Washington-Arlington-Alexandria, DC-VA-MD-WV",09apr2020,.54624897,.60369611,80,51059,"Fairfax, VA"
"Washington-Arlington-Alexandria, DC-VA-MD-WV",09apr2020,.54624897,.60369611,80,51061,"Fauquier, VA"
"Washington-Arlington-Alexandria, DC-VA-MD-WV",09apr2020,.54624897,.60369611,80,51107,"Loudoun, VA"
"Washington-Arlington-Alexandria, DC-VA-MD-WV",09apr2020,.54624897,.60369611,80,51153,"Prince William, VA"
"Washington-Arlington-Alexandria, DC-VA-MD-WV",09apr2020,.54624897,.60369611,80,51157,"Rappahannock, VA"
"Washington-Arlington-Alexandria, DC-VA-MD-WV",09apr2020,.54624897,.60369611,80,51177,"Spotsylvania, VA"
"Washington-Arlington-Alexandria, DC-VA-MD-WV",09apr2020,.54624897,.60369611,80,51179,"Stafford, VA"
"Washington-Arlington-Alexandria, DC-VA-MD-WV",09apr2020,.54624897,.60369611,80,51187,"Warren, VA"
"Washington-Arlington-Alexandria, DC-VA-MD-WV",09apr2020,.54624897,.60369611,80,51510,"Alexandria city, VA"
"Washington-Arlington-Alexandria, DC-VA-MD-WV",09apr2020,.54624897,.60369611,80,51600,"Fairfax city, VA"
"Washington-Arlington-Alexandria, DC-VA-MD-WV",09apr2020,.54624897,.60369611,80,51610,"Falls Church city, VA"
"Washington-Arlington-Alexandria, DC-VA-MD-WV",09apr2020,.54624897,.60369611,80,51630,"Fredericksburg city, VA"
"Washington-Arlington-Alexandria, DC-VA-MD-WV",09apr2020,.54624897,.60369611,80,51683,"Manassas city, VA"
"Washington-Arlington-Alexandria, DC-VA-MD-WV",09apr2020,.54624897,.60369611,80,51685,"Manassas Park city, VA"
"Washington-Arlington-Alexandria, DC-VA-MD-WV",09apr2020,.54624897,.60369611,80,54037,"Jefferson, WV"
"Waterloo-Cedar Falls, IA",09apr2020,.81565654,,80,19013,"Black Hawk, IA"
"Waterloo-Cedar Falls, IA",09apr2020,.81565654,,80,19017,"Bremer, IA"
"Waterloo-Cedar Falls, IA",09apr2020,.81565654,,80,19075,"Grundy, IA"
"Watertown-Fort Drum, NY",09apr2020,.5,,80,36045,"Jefferson, NY"
"Wausau, WI",09apr2020,.60000002,,80,55073,"Marathon, WI"
"Weirton-Steubenville, WV-OH",09apr2020,.46666667,,80,39081,"Jefferson, OH"
"Weirton-Steubenville, WV-OH",09apr2020,.46666667,,80,54009,"Brooke, WV"
"Weirton-Steubenville, WV-OH",09apr2020,.46666667,,80,54029,"Hancock, WV"
"Wenatchee, WA",09apr2020,.56862748,0,80,53007,"Chelan, WA"
"Wenatchee, WA",09apr2020,.56862748,0,80,53017,"Douglas, WA"
"Wheeling, WV-OH",09apr2020,.51428574,.5,80,39013,"Belmont, OH"
"Wheeling, WV-OH",09apr2020,.51428574,.5,80,54051,"Marshall, WV"
"Wheeling, WV-OH",09apr2020,.51428574,.5,80,54069,"Ohio, WV"
"Wichita Falls, TX",09apr2020,.41666666,,80,48009,"Archer, TX"
"Wichita Falls, TX",09apr2020,.41666666,,80,48077,"Clay, TX"
"Wichita Falls, TX",09apr2020,.41666666,,80,48485,"Wichita, TX"
"Wichita, KS",09apr2020,.50847459,.5,80,20015,"Butler, KS"
"Wichita, KS",09apr2020,.50847459,.5,80,20079,"Harvey, KS"
"Wichita, KS",09apr2020,.50847459,.5,80,20095,"Kingman, KS"
"Wichita, KS",09apr2020,.50847459,.5,80,20173,"Sedgwick, KS"
"Wichita, KS",09apr2020,.50847459,.5,80,20191,"Sumner, KS"
"Williamsport, PA",09apr2020,.4642857,,80,42081,"Lycoming, PA"
"Wilmington, NC",09apr2020,.47619048,,80,37129,"New Hanover, NC"
"Wilmington, NC",09apr2020,.47619048,,80,37141,"Pender, NC"
"Winchester, VA-WV",09apr2020,.37704918,,80,51069,"Frederick, VA"
"Winchester, VA-WV",09apr2020,.37704918,,80,51840,"Winchester city, VA"
"Winchester, VA-WV",09apr2020,.37704918,,80,54027,"Hampshire, WV"
"Winston-Salem, NC",09apr2020,.42647058,.2,80,37057,"Davidson, NC"
"Winston-Salem, NC",09apr2020,.42647058,.2,80,37059,"Davie, NC"
"Winston-Salem, NC",09apr2020,.42647058,.2,80,37067,"Forsyth, NC"
"Winston-Salem, NC",09apr2020,.42647058,.2,80,37169,"Stokes, NC"
"Winston-Salem, NC",09apr2020,.42647058,.2,80,37197,"Yadkin, NC"
"Worcester, MA-CT",09apr2020,.51007611,.62068963,80,09015,"Windham, CT"
"Worcester, MA-CT",09apr2020,.51007611,.62068963,80,25027,"Worcester, MA"
"Yakima, WA",09apr2020,.41452992,.44999999,80,53077,"Yakima, WA"
"York-Hanover, PA",09apr2020,.50335568,.83333331,80,42133,"York, PA"
"Youngstown-Warren-Boardman, OH-PA",09apr2020,.44869214,.5714286,80,39099,"Mahoning, OH"
"Youngstown-Warren-Boardman, OH-PA",09apr2020,.44869214,.5714286,80,39155,"Trumbull, OH"
"Youngstown-Warren-Boardman, OH-PA",09apr2020,.44869214,.5714286,80,42085,"Mercer, PA"
"Yuba City, CA",09apr2020,.42857143,0,80,06101,"Sutter, CA"
"Yuba City, CA",09apr2020,.42857143,0,80,06115,"Yuba, CA"
"Yuma, AZ",09apr2020,.66666669,,80,04027,"Yuma, AZ"
